Rpeaks,Participant,Sampling_Rate,Database
73,MIT-Arrhythmia_00,360,MIT-Arrhythmia
316,MIT-Arrhythmia_00,360,MIT-Arrhythmia
615,MIT-Arrhythmia_00,360,MIT-Arrhythmia
901,MIT-Arrhythmia_00,360,MIT-Arrhythmia
1188,MIT-Arrhythmia_00,360,MIT-Arrhythmia
1477,MIT-Arrhythmia_00,360,MIT-Arrhythmia
1749,MIT-Arrhythmia_00,360,MIT-Arrhythmia
2062,MIT-Arrhythmia_00,360,MIT-Arrhythmia
2361,MIT-Arrhythmia_00,360,MIT-Arrhythmia
2651,MIT-Arrhythmia_00,360,MIT-Arrhythmia
2942,MIT-Arrhythmia_00,360,MIT-Arrhythmia
3232,MIT-Arrhythmia_00,360,MIT-Arrhythmia
3522,MIT-Arrhythmia_00,360,MIT-Arrhythmia
3796,MIT-Arrhythmia_00,360,MIT-Arrhythmia
4102,MIT-Arrhythmia_00,360,MIT-Arrhythmia
4407,MIT-Arrhythmia_00,360,MIT-Arrhythmia
4704,MIT-Arrhythmia_00,360,MIT-Arrhythmia
4995,MIT-Arrhythmia_00,360,MIT-Arrhythmia
5281,MIT-Arrhythmia_00,360,MIT-Arrhythmia
5569,MIT-Arrhythmia_00,360,MIT-Arrhythmia
5873,MIT-Arrhythmia_00,360,MIT-Arrhythmia
6143,MIT-Arrhythmia_00,360,MIT-Arrhythmia
6451,MIT-Arrhythmia_00,360,MIT-Arrhythmia
6744,MIT-Arrhythmia_00,360,MIT-Arrhythmia
7042,MIT-Arrhythmia_00,360,MIT-Arrhythmia
7332,MIT-Arrhythmia_00,360,MIT-Arrhythmia
7619,MIT-Arrhythmia_00,360,MIT-Arrhythmia
7921,MIT-Arrhythmia_00,360,MIT-Arrhythmia
8184,MIT-Arrhythmia_00,360,MIT-Arrhythmia
8496,MIT-Arrhythmia_00,360,MIT-Arrhythmia
8794,MIT-Arrhythmia_00,360,MIT-Arrhythmia
9088,MIT-Arrhythmia_00,360,MIT-Arrhythmia
9378,MIT-Arrhythmia_00,360,MIT-Arrhythmia
9678,MIT-Arrhythmia_00,360,MIT-Arrhythmia
9951,MIT-Arrhythmia_00,360,MIT-Arrhythmia
10232,MIT-Arrhythmia_00,360,MIT-Arrhythmia
10533,MIT-Arrhythmia_00,360,MIT-Arrhythmia
10839,MIT-Arrhythmia_00,360,MIT-Arrhythmia
11135,MIT-Arrhythmia_00,360,MIT-Arrhythmia
11434,MIT-Arrhythmia_00,360,MIT-Arrhythmia
11725,MIT-Arrhythmia_00,360,MIT-Arrhythmia
12040,MIT-Arrhythmia_00,360,MIT-Arrhythmia
12287,MIT-Arrhythmia_00,360,MIT-Arrhythmia
12575,MIT-Arrhythmia_00,360,MIT-Arrhythmia
12885,MIT-Arrhythmia_00,360,MIT-Arrhythmia
13185,MIT-Arrhythmia_00,360,MIT-Arrhythmia
13479,MIT-Arrhythmia_00,360,MIT-Arrhythmia
13783,MIT-Arrhythmia_00,360,MIT-Arrhythmia
14059,MIT-Arrhythmia_00,360,MIT-Arrhythmia
14339,MIT-Arrhythmia_00,360,MIT-Arrhythmia
14617,MIT-Arrhythmia_00,360,MIT-Arrhythmia
14930,MIT-Arrhythmia_00,360,MIT-Arrhythmia
15233,MIT-Arrhythmia_00,360,MIT-Arrhythmia
15525,MIT-Arrhythmia_00,360,MIT-Arrhythmia
15816,MIT-Arrhythmia_00,360,MIT-Arrhythmia
16118,MIT-Arrhythmia_00,360,MIT-Arrhythmia
16390,MIT-Arrhythmia_00,360,MIT-Arrhythmia
16671,MIT-Arrhythmia_00,360,MIT-Arrhythmia
16967,MIT-Arrhythmia_00,360,MIT-Arrhythmia
17274,MIT-Arrhythmia_00,360,MIT-Arrhythmia
17571,MIT-Arrhythmia_00,360,MIT-Arrhythmia
17869,MIT-Arrhythmia_00,360,MIT-Arrhythmia
18171,MIT-Arrhythmia_00,360,MIT-Arrhythmia
18444,MIT-Arrhythmia_00,360,MIT-Arrhythmia
18724,MIT-Arrhythmia_00,360,MIT-Arrhythmia
19008,MIT-Arrhythmia_00,360,MIT-Arrhythmia
19318,MIT-Arrhythmia_00,360,MIT-Arrhythmia
19616,MIT-Arrhythmia_00,360,MIT-Arrhythmia
19910,MIT-Arrhythmia_00,360,MIT-Arrhythmia
20189,MIT-Arrhythmia_00,360,MIT-Arrhythmia
20492,MIT-Arrhythmia_00,360,MIT-Arrhythmia
20804,MIT-Arrhythmia_00,360,MIT-Arrhythmia
21056,MIT-Arrhythmia_00,360,MIT-Arrhythmia
21362,MIT-Arrhythmia_00,360,MIT-Arrhythmia
21668,MIT-Arrhythmia_00,360,MIT-Arrhythmia
21959,MIT-Arrhythmia_00,360,MIT-Arrhythmia
22249,MIT-Arrhythmia_00,360,MIT-Arrhythmia
22532,MIT-Arrhythmia_00,360,MIT-Arrhythmia
22828,MIT-Arrhythmia_00,360,MIT-Arrhythmia
23101,MIT-Arrhythmia_00,360,MIT-Arrhythmia
23398,MIT-Arrhythmia_00,360,MIT-Arrhythmia
23701,MIT-Arrhythmia_00,360,MIT-Arrhythmia
23998,MIT-Arrhythmia_00,360,MIT-Arrhythmia
24300,MIT-Arrhythmia_00,360,MIT-Arrhythmia
24590,MIT-Arrhythmia_00,360,MIT-Arrhythmia
24877,MIT-Arrhythmia_00,360,MIT-Arrhythmia
25178,MIT-Arrhythmia_00,360,MIT-Arrhythmia
25440,MIT-Arrhythmia_00,360,MIT-Arrhythmia
25747,MIT-Arrhythmia_00,360,MIT-Arrhythmia
26048,MIT-Arrhythmia_00,360,MIT-Arrhythmia
26341,MIT-Arrhythmia_00,360,MIT-Arrhythmia
26634,MIT-Arrhythmia_00,360,MIT-Arrhythmia
26926,MIT-Arrhythmia_00,360,MIT-Arrhythmia
27184,MIT-Arrhythmia_00,360,MIT-Arrhythmia
27489,MIT-Arrhythmia_00,360,MIT-Arrhythmia
27778,MIT-Arrhythmia_00,360,MIT-Arrhythmia
28084,MIT-Arrhythmia_00,360,MIT-Arrhythmia
28380,MIT-Arrhythmia_00,360,MIT-Arrhythmia
28675,MIT-Arrhythmia_00,360,MIT-Arrhythmia
28963,MIT-Arrhythmia_00,360,MIT-Arrhythmia
29250,MIT-Arrhythmia_00,360,MIT-Arrhythmia
29519,MIT-Arrhythmia_00,360,MIT-Arrhythmia
29812,MIT-Arrhythmia_00,360,MIT-Arrhythmia
30144,MIT-Arrhythmia_00,360,MIT-Arrhythmia
30421,MIT-Arrhythmia_00,360,MIT-Arrhythmia
30719,MIT-Arrhythmia_00,360,MIT-Arrhythmia
31012,MIT-Arrhythmia_00,360,MIT-Arrhythmia
31302,MIT-Arrhythmia_00,360,MIT-Arrhythmia
31580,MIT-Arrhythmia_00,360,MIT-Arrhythmia
31861,MIT-Arrhythmia_00,360,MIT-Arrhythmia
32168,MIT-Arrhythmia_00,360,MIT-Arrhythmia
32445,MIT-Arrhythmia_00,360,MIT-Arrhythmia
32734,MIT-Arrhythmia_00,360,MIT-Arrhythmia
33059,MIT-Arrhythmia_00,360,MIT-Arrhythmia
33332,MIT-Arrhythmia_00,360,MIT-Arrhythmia
33618,MIT-Arrhythmia_00,360,MIT-Arrhythmia
33896,MIT-Arrhythmia_00,360,MIT-Arrhythmia
34194,MIT-Arrhythmia_00,360,MIT-Arrhythmia
34498,MIT-Arrhythmia_00,360,MIT-Arrhythmia
34794,MIT-Arrhythmia_00,360,MIT-Arrhythmia
35091,MIT-Arrhythmia_00,360,MIT-Arrhythmia
35359,MIT-Arrhythmia_00,360,MIT-Arrhythmia
35661,MIT-Arrhythmia_00,360,MIT-Arrhythmia
35938,MIT-Arrhythmia_00,360,MIT-Arrhythmia
36225,MIT-Arrhythmia_00,360,MIT-Arrhythmia
36529,MIT-Arrhythmia_00,360,MIT-Arrhythmia
36827,MIT-Arrhythmia_00,360,MIT-Arrhythmia
37123,MIT-Arrhythmia_00,360,MIT-Arrhythmia
37417,MIT-Arrhythmia_00,360,MIT-Arrhythmia
37709,MIT-Arrhythmia_00,360,MIT-Arrhythmia
37977,MIT-Arrhythmia_00,360,MIT-Arrhythmia
38278,MIT-Arrhythmia_00,360,MIT-Arrhythmia
38574,MIT-Arrhythmia_00,360,MIT-Arrhythmia
38872,MIT-Arrhythmia_00,360,MIT-Arrhythmia
39165,MIT-Arrhythmia_00,360,MIT-Arrhythmia
39462,MIT-Arrhythmia_00,360,MIT-Arrhythmia
39754,MIT-Arrhythmia_00,360,MIT-Arrhythmia
40039,MIT-Arrhythmia_00,360,MIT-Arrhythmia
40302,MIT-Arrhythmia_00,360,MIT-Arrhythmia
40607,MIT-Arrhythmia_00,360,MIT-Arrhythmia
40910,MIT-Arrhythmia_00,360,MIT-Arrhythmia
41210,MIT-Arrhythmia_00,360,MIT-Arrhythmia
41511,MIT-Arrhythmia_00,360,MIT-Arrhythmia
41802,MIT-Arrhythmia_00,360,MIT-Arrhythmia
42136,MIT-Arrhythmia_00,360,MIT-Arrhythmia
42372,MIT-Arrhythmia_00,360,MIT-Arrhythmia
42651,MIT-Arrhythmia_00,360,MIT-Arrhythmia
42952,MIT-Arrhythmia_00,360,MIT-Arrhythmia
43244,MIT-Arrhythmia_00,360,MIT-Arrhythmia
43556,MIT-Arrhythmia_00,360,MIT-Arrhythmia
43843,MIT-Arrhythmia_00,360,MIT-Arrhythmia
44140,MIT-Arrhythmia_00,360,MIT-Arrhythmia
44421,MIT-Arrhythmia_00,360,MIT-Arrhythmia
44698,MIT-Arrhythmia_00,360,MIT-Arrhythmia
45002,MIT-Arrhythmia_00,360,MIT-Arrhythmia
45306,MIT-Arrhythmia_00,360,MIT-Arrhythmia
45600,MIT-Arrhythmia_00,360,MIT-Arrhythmia
45897,MIT-Arrhythmia_00,360,MIT-Arrhythmia
46180,MIT-Arrhythmia_00,360,MIT-Arrhythmia
46456,MIT-Arrhythmia_00,360,MIT-Arrhythmia
46745,MIT-Arrhythmia_00,360,MIT-Arrhythmia
47033,MIT-Arrhythmia_00,360,MIT-Arrhythmia
47340,MIT-Arrhythmia_00,360,MIT-Arrhythmia
47636,MIT-Arrhythmia_00,360,MIT-Arrhythmia
47938,MIT-Arrhythmia_00,360,MIT-Arrhythmia
48232,MIT-Arrhythmia_00,360,MIT-Arrhythmia
48526,MIT-Arrhythmia_00,360,MIT-Arrhythmia
48806,MIT-Arrhythmia_00,360,MIT-Arrhythmia
49085,MIT-Arrhythmia_00,360,MIT-Arrhythmia
49391,MIT-Arrhythmia_00,360,MIT-Arrhythmia
49684,MIT-Arrhythmia_00,360,MIT-Arrhythmia
49934,MIT-Arrhythmia_00,360,MIT-Arrhythmia
50247,MIT-Arrhythmia_00,360,MIT-Arrhythmia
50557,MIT-Arrhythmia_00,360,MIT-Arrhythmia
50820,MIT-Arrhythmia_00,360,MIT-Arrhythmia
51097,MIT-Arrhythmia_00,360,MIT-Arrhythmia
51394,MIT-Arrhythmia_00,360,MIT-Arrhythmia
51697,MIT-Arrhythmia_00,360,MIT-Arrhythmia
51994,MIT-Arrhythmia_00,360,MIT-Arrhythmia
52295,MIT-Arrhythmia_00,360,MIT-Arrhythmia
52587,MIT-Arrhythmia_00,360,MIT-Arrhythmia
52875,MIT-Arrhythmia_00,360,MIT-Arrhythmia
53154,MIT-Arrhythmia_00,360,MIT-Arrhythmia
53436,MIT-Arrhythmia_00,360,MIT-Arrhythmia
53739,MIT-Arrhythmia_00,360,MIT-Arrhythmia
54035,MIT-Arrhythmia_00,360,MIT-Arrhythmia
54295,MIT-Arrhythmia_00,360,MIT-Arrhythmia
54584,MIT-Arrhythmia_00,360,MIT-Arrhythmia
54879,MIT-Arrhythmia_00,360,MIT-Arrhythmia
55173,MIT-Arrhythmia_00,360,MIT-Arrhythmia
55464,MIT-Arrhythmia_00,360,MIT-Arrhythmia
55776,MIT-Arrhythmia_00,360,MIT-Arrhythmia
56050,MIT-Arrhythmia_00,360,MIT-Arrhythmia
56348,MIT-Arrhythmia_00,360,MIT-Arrhythmia
56644,MIT-Arrhythmia_00,360,MIT-Arrhythmia
56938,MIT-Arrhythmia_00,360,MIT-Arrhythmia
57226,MIT-Arrhythmia_00,360,MIT-Arrhythmia
57504,MIT-Arrhythmia_00,360,MIT-Arrhythmia
57791,MIT-Arrhythmia_00,360,MIT-Arrhythmia
58094,MIT-Arrhythmia_00,360,MIT-Arrhythmia
58391,MIT-Arrhythmia_00,360,MIT-Arrhythmia
58669,MIT-Arrhythmia_00,360,MIT-Arrhythmia
58951,MIT-Arrhythmia_00,360,MIT-Arrhythmia
59265,MIT-Arrhythmia_00,360,MIT-Arrhythmia
59536,MIT-Arrhythmia_00,360,MIT-Arrhythmia
59816,MIT-Arrhythmia_00,360,MIT-Arrhythmia
60122,MIT-Arrhythmia_00,360,MIT-Arrhythmia
60421,MIT-Arrhythmia_00,360,MIT-Arrhythmia
60712,MIT-Arrhythmia_00,360,MIT-Arrhythmia
61011,MIT-Arrhythmia_00,360,MIT-Arrhythmia
61307,MIT-Arrhythmia_00,360,MIT-Arrhythmia
61589,MIT-Arrhythmia_00,360,MIT-Arrhythmia
61855,MIT-Arrhythmia_00,360,MIT-Arrhythmia
62126,MIT-Arrhythmia_00,360,MIT-Arrhythmia
62458,MIT-Arrhythmia_00,360,MIT-Arrhythmia
62737,MIT-Arrhythmia_00,360,MIT-Arrhythmia
63040,MIT-Arrhythmia_00,360,MIT-Arrhythmia
63333,MIT-Arrhythmia_00,360,MIT-Arrhythmia
63623,MIT-Arrhythmia_00,360,MIT-Arrhythmia
63905,MIT-Arrhythmia_00,360,MIT-Arrhythmia
64188,MIT-Arrhythmia_00,360,MIT-Arrhythmia
64487,MIT-Arrhythmia_00,360,MIT-Arrhythmia
64785,MIT-Arrhythmia_00,360,MIT-Arrhythmia
65057,MIT-Arrhythmia_00,360,MIT-Arrhythmia
65335,MIT-Arrhythmia_00,360,MIT-Arrhythmia
65652,MIT-Arrhythmia_00,360,MIT-Arrhythmia
65950,MIT-Arrhythmia_00,360,MIT-Arrhythmia
66205,MIT-Arrhythmia_00,360,MIT-Arrhythmia
66508,MIT-Arrhythmia_00,360,MIT-Arrhythmia
66808,MIT-Arrhythmia_00,360,MIT-Arrhythmia
67099,MIT-Arrhythmia_00,360,MIT-Arrhythmia
67398,MIT-Arrhythmia_00,360,MIT-Arrhythmia
67695,MIT-Arrhythmia_00,360,MIT-Arrhythmia
67979,MIT-Arrhythmia_00,360,MIT-Arrhythmia
68260,MIT-Arrhythmia_00,360,MIT-Arrhythmia
68552,MIT-Arrhythmia_00,360,MIT-Arrhythmia
68848,MIT-Arrhythmia_00,360,MIT-Arrhythmia
69131,MIT-Arrhythmia_00,360,MIT-Arrhythmia
69450,MIT-Arrhythmia_00,360,MIT-Arrhythmia
69704,MIT-Arrhythmia_00,360,MIT-Arrhythmia
69994,MIT-Arrhythmia_00,360,MIT-Arrhythmia
70279,MIT-Arrhythmia_00,360,MIT-Arrhythmia
70562,MIT-Arrhythmia_00,360,MIT-Arrhythmia
70867,MIT-Arrhythmia_00,360,MIT-Arrhythmia
71170,MIT-Arrhythmia_00,360,MIT-Arrhythmia
71472,MIT-Arrhythmia_00,360,MIT-Arrhythmia
71770,MIT-Arrhythmia_00,360,MIT-Arrhythmia
72073,MIT-Arrhythmia_00,360,MIT-Arrhythmia
72360,MIT-Arrhythmia_00,360,MIT-Arrhythmia
72635,MIT-Arrhythmia_00,360,MIT-Arrhythmia
72934,MIT-Arrhythmia_00,360,MIT-Arrhythmia
73231,MIT-Arrhythmia_00,360,MIT-Arrhythmia
73527,MIT-Arrhythmia_00,360,MIT-Arrhythmia
73830,MIT-Arrhythmia_00,360,MIT-Arrhythmia
74120,MIT-Arrhythmia_00,360,MIT-Arrhythmia
74409,MIT-Arrhythmia_00,360,MIT-Arrhythmia
74680,MIT-Arrhythmia_00,360,MIT-Arrhythmia
74961,MIT-Arrhythmia_00,360,MIT-Arrhythmia
75259,MIT-Arrhythmia_00,360,MIT-Arrhythmia
75552,MIT-Arrhythmia_00,360,MIT-Arrhythmia
75849,MIT-Arrhythmia_00,360,MIT-Arrhythmia
76146,MIT-Arrhythmia_00,360,MIT-Arrhythmia
76428,MIT-Arrhythmia_00,360,MIT-Arrhythmia
76700,MIT-Arrhythmia_00,360,MIT-Arrhythmia
76968,MIT-Arrhythmia_00,360,MIT-Arrhythmia
77257,MIT-Arrhythmia_00,360,MIT-Arrhythmia
77548,MIT-Arrhythmia_00,360,MIT-Arrhythmia
77838,MIT-Arrhythmia_00,360,MIT-Arrhythmia
78133,MIT-Arrhythmia_00,360,MIT-Arrhythmia
78425,MIT-Arrhythmia_00,360,MIT-Arrhythmia
78707,MIT-Arrhythmia_00,360,MIT-Arrhythmia
78983,MIT-Arrhythmia_00,360,MIT-Arrhythmia
79260,MIT-Arrhythmia_00,360,MIT-Arrhythmia
79554,MIT-Arrhythmia_00,360,MIT-Arrhythmia
79845,MIT-Arrhythmia_00,360,MIT-Arrhythmia
80136,MIT-Arrhythmia_00,360,MIT-Arrhythmia
80430,MIT-Arrhythmia_00,360,MIT-Arrhythmia
80721,MIT-Arrhythmia_00,360,MIT-Arrhythmia
80999,MIT-Arrhythmia_00,360,MIT-Arrhythmia
81267,MIT-Arrhythmia_00,360,MIT-Arrhythmia
81553,MIT-Arrhythmia_00,360,MIT-Arrhythmia
81845,MIT-Arrhythmia_00,360,MIT-Arrhythmia
82134,MIT-Arrhythmia_00,360,MIT-Arrhythmia
82323,MIT-Arrhythmia_00,360,MIT-Arrhythmia
82638,MIT-Arrhythmia_00,360,MIT-Arrhythmia
82932,MIT-Arrhythmia_00,360,MIT-Arrhythmia
83209,MIT-Arrhythmia_00,360,MIT-Arrhythmia
83488,MIT-Arrhythmia_00,360,MIT-Arrhythmia
83787,MIT-Arrhythmia_00,360,MIT-Arrhythmia
84081,MIT-Arrhythmia_00,360,MIT-Arrhythmia
84377,MIT-Arrhythmia_00,360,MIT-Arrhythmia
84677,MIT-Arrhythmia_00,360,MIT-Arrhythmia
84976,MIT-Arrhythmia_00,360,MIT-Arrhythmia
85260,MIT-Arrhythmia_00,360,MIT-Arrhythmia
85536,MIT-Arrhythmia_00,360,MIT-Arrhythmia
85830,MIT-Arrhythmia_00,360,MIT-Arrhythmia
86127,MIT-Arrhythmia_00,360,MIT-Arrhythmia
86423,MIT-Arrhythmia_00,360,MIT-Arrhythmia
86721,MIT-Arrhythmia_00,360,MIT-Arrhythmia
87020,MIT-Arrhythmia_00,360,MIT-Arrhythmia
87310,MIT-Arrhythmia_00,360,MIT-Arrhythmia
87587,MIT-Arrhythmia_00,360,MIT-Arrhythmia
87874,MIT-Arrhythmia_00,360,MIT-Arrhythmia
88171,MIT-Arrhythmia_00,360,MIT-Arrhythmia
88491,MIT-Arrhythmia_00,360,MIT-Arrhythmia
88793,MIT-Arrhythmia_00,360,MIT-Arrhythmia
89085,MIT-Arrhythmia_00,360,MIT-Arrhythmia
89380,MIT-Arrhythmia_00,360,MIT-Arrhythmia
89655,MIT-Arrhythmia_00,360,MIT-Arrhythmia
89927,MIT-Arrhythmia_00,360,MIT-Arrhythmia
90223,MIT-Arrhythmia_00,360,MIT-Arrhythmia
90517,MIT-Arrhythmia_00,360,MIT-Arrhythmia
90807,MIT-Arrhythmia_00,360,MIT-Arrhythmia
91107,MIT-Arrhythmia_00,360,MIT-Arrhythmia
91408,MIT-Arrhythmia_00,360,MIT-Arrhythmia
91693,MIT-Arrhythmia_00,360,MIT-Arrhythmia
91969,MIT-Arrhythmia_00,360,MIT-Arrhythmia
92267,MIT-Arrhythmia_00,360,MIT-Arrhythmia
92507,MIT-Arrhythmia_00,360,MIT-Arrhythmia
92817,MIT-Arrhythmia_00,360,MIT-Arrhythmia
93118,MIT-Arrhythmia_00,360,MIT-Arrhythmia
93416,MIT-Arrhythmia_00,360,MIT-Arrhythmia
93712,MIT-Arrhythmia_00,360,MIT-Arrhythmia
93994,MIT-Arrhythmia_00,360,MIT-Arrhythmia
94270,MIT-Arrhythmia_00,360,MIT-Arrhythmia
94567,MIT-Arrhythmia_00,360,MIT-Arrhythmia
94861,MIT-Arrhythmia_00,360,MIT-Arrhythmia
95161,MIT-Arrhythmia_00,360,MIT-Arrhythmia
95462,MIT-Arrhythmia_00,360,MIT-Arrhythmia
95764,MIT-Arrhythmia_00,360,MIT-Arrhythmia
96048,MIT-Arrhythmia_00,360,MIT-Arrhythmia
96325,MIT-Arrhythmia_00,360,MIT-Arrhythmia
96621,MIT-Arrhythmia_00,360,MIT-Arrhythmia
96913,MIT-Arrhythmia_00,360,MIT-Arrhythmia
97204,MIT-Arrhythmia_00,360,MIT-Arrhythmia
97505,MIT-Arrhythmia_00,360,MIT-Arrhythmia
97805,MIT-Arrhythmia_00,360,MIT-Arrhythmia
98093,MIT-Arrhythmia_00,360,MIT-Arrhythmia
98370,MIT-Arrhythmia_00,360,MIT-Arrhythmia
98661,MIT-Arrhythmia_00,360,MIT-Arrhythmia
98961,MIT-Arrhythmia_00,360,MIT-Arrhythmia
99248,MIT-Arrhythmia_00,360,MIT-Arrhythmia
99553,MIT-Arrhythmia_00,360,MIT-Arrhythmia
99853,MIT-Arrhythmia_00,360,MIT-Arrhythmia
100116,MIT-Arrhythmia_00,360,MIT-Arrhythmia
100349,MIT-Arrhythmia_00,360,MIT-Arrhythmia
100624,MIT-Arrhythmia_00,360,MIT-Arrhythmia
100902,MIT-Arrhythmia_00,360,MIT-Arrhythmia
101187,MIT-Arrhythmia_00,360,MIT-Arrhythmia
101478,MIT-Arrhythmia_00,360,MIT-Arrhythmia
101765,MIT-Arrhythmia_00,360,MIT-Arrhythmia
102062,MIT-Arrhythmia_00,360,MIT-Arrhythmia
102348,MIT-Arrhythmia_00,360,MIT-Arrhythmia
102616,MIT-Arrhythmia_00,360,MIT-Arrhythmia
102893,MIT-Arrhythmia_00,360,MIT-Arrhythmia
103176,MIT-Arrhythmia_00,360,MIT-Arrhythmia
103463,MIT-Arrhythmia_00,360,MIT-Arrhythmia
103751,MIT-Arrhythmia_00,360,MIT-Arrhythmia
104041,MIT-Arrhythmia_00,360,MIT-Arrhythmia
104339,MIT-Arrhythmia_00,360,MIT-Arrhythmia
104612,MIT-Arrhythmia_00,360,MIT-Arrhythmia
104881,MIT-Arrhythmia_00,360,MIT-Arrhythmia
105172,MIT-Arrhythmia_00,360,MIT-Arrhythmia
105449,MIT-Arrhythmia_00,360,MIT-Arrhythmia
105741,MIT-Arrhythmia_00,360,MIT-Arrhythmia
106039,MIT-Arrhythmia_00,360,MIT-Arrhythmia
106329,MIT-Arrhythmia_00,360,MIT-Arrhythmia
106625,MIT-Arrhythmia_00,360,MIT-Arrhythmia
106898,MIT-Arrhythmia_00,360,MIT-Arrhythmia
107175,MIT-Arrhythmia_00,360,MIT-Arrhythmia
107473,MIT-Arrhythmia_00,360,MIT-Arrhythmia
107764,MIT-Arrhythmia_00,360,MIT-Arrhythmia
108057,MIT-Arrhythmia_00,360,MIT-Arrhythmia
108362,MIT-Arrhythmia_00,360,MIT-Arrhythmia
108665,MIT-Arrhythmia_00,360,MIT-Arrhythmia
108943,MIT-Arrhythmia_00,360,MIT-Arrhythmia
109223,MIT-Arrhythmia_00,360,MIT-Arrhythmia
109516,MIT-Arrhythmia_00,360,MIT-Arrhythmia
109809,MIT-Arrhythmia_00,360,MIT-Arrhythmia
110106,MIT-Arrhythmia_00,360,MIT-Arrhythmia
110398,MIT-Arrhythmia_00,360,MIT-Arrhythmia
110702,MIT-Arrhythmia_00,360,MIT-Arrhythmia
110997,MIT-Arrhythmia_00,360,MIT-Arrhythmia
111269,MIT-Arrhythmia_00,360,MIT-Arrhythmia
111566,MIT-Arrhythmia_00,360,MIT-Arrhythmia
111856,MIT-Arrhythmia_00,360,MIT-Arrhythmia
112150,MIT-Arrhythmia_00,360,MIT-Arrhythmia
112456,MIT-Arrhythmia_00,360,MIT-Arrhythmia
112756,MIT-Arrhythmia_00,360,MIT-Arrhythmia
113047,MIT-Arrhythmia_00,360,MIT-Arrhythmia
113327,MIT-Arrhythmia_00,360,MIT-Arrhythmia
113612,MIT-Arrhythmia_00,360,MIT-Arrhythmia
113908,MIT-Arrhythmia_00,360,MIT-Arrhythmia
114196,MIT-Arrhythmia_00,360,MIT-Arrhythmia
114505,MIT-Arrhythmia_00,360,MIT-Arrhythmia
114816,MIT-Arrhythmia_00,360,MIT-Arrhythmia
115121,MIT-Arrhythmia_00,360,MIT-Arrhythmia
115405,MIT-Arrhythmia_00,360,MIT-Arrhythmia
115658,MIT-Arrhythmia_00,360,MIT-Arrhythmia
115955,MIT-Arrhythmia_00,360,MIT-Arrhythmia
116246,MIT-Arrhythmia_00,360,MIT-Arrhythmia
116567,MIT-Arrhythmia_00,360,MIT-Arrhythmia
116840,MIT-Arrhythmia_00,360,MIT-Arrhythmia
117144,MIT-Arrhythmia_00,360,MIT-Arrhythmia
117433,MIT-Arrhythmia_00,360,MIT-Arrhythmia
117710,MIT-Arrhythmia_00,360,MIT-Arrhythmia
117999,MIT-Arrhythmia_00,360,MIT-Arrhythmia
118291,MIT-Arrhythmia_00,360,MIT-Arrhythmia
118582,MIT-Arrhythmia_00,360,MIT-Arrhythmia
118898,MIT-Arrhythmia_00,360,MIT-Arrhythmia
119185,MIT-Arrhythmia_00,360,MIT-Arrhythmia
119487,MIT-Arrhythmia_00,360,MIT-Arrhythmia
119763,MIT-Arrhythmia_00,360,MIT-Arrhythmia
120047,MIT-Arrhythmia_00,360,MIT-Arrhythmia
120341,MIT-Arrhythmia_00,360,MIT-Arrhythmia
120627,MIT-Arrhythmia_00,360,MIT-Arrhythmia
120925,MIT-Arrhythmia_00,360,MIT-Arrhythmia
121228,MIT-Arrhythmia_00,360,MIT-Arrhythmia
121530,MIT-Arrhythmia_00,360,MIT-Arrhythmia
121816,MIT-Arrhythmia_00,360,MIT-Arrhythmia
122092,MIT-Arrhythmia_00,360,MIT-Arrhythmia
122387,MIT-Arrhythmia_00,360,MIT-Arrhythmia
122676,MIT-Arrhythmia_00,360,MIT-Arrhythmia
122965,MIT-Arrhythmia_00,360,MIT-Arrhythmia
123264,MIT-Arrhythmia_00,360,MIT-Arrhythmia
123571,MIT-Arrhythmia_00,360,MIT-Arrhythmia
123865,MIT-Arrhythmia_00,360,MIT-Arrhythmia
124145,MIT-Arrhythmia_00,360,MIT-Arrhythmia
124435,MIT-Arrhythmia_00,360,MIT-Arrhythmia
124722,MIT-Arrhythmia_00,360,MIT-Arrhythmia
125012,MIT-Arrhythmia_00,360,MIT-Arrhythmia
125315,MIT-Arrhythmia_00,360,MIT-Arrhythmia
125615,MIT-Arrhythmia_00,360,MIT-Arrhythmia
125918,MIT-Arrhythmia_00,360,MIT-Arrhythmia
126199,MIT-Arrhythmia_00,360,MIT-Arrhythmia
126480,MIT-Arrhythmia_00,360,MIT-Arrhythmia
126773,MIT-Arrhythmia_00,360,MIT-Arrhythmia
127060,MIT-Arrhythmia_00,360,MIT-Arrhythmia
127354,MIT-Arrhythmia_00,360,MIT-Arrhythmia
127657,MIT-Arrhythmia_00,360,MIT-Arrhythmia
127965,MIT-Arrhythmia_00,360,MIT-Arrhythmia
128251,MIT-Arrhythmia_00,360,MIT-Arrhythmia
128528,MIT-Arrhythmia_00,360,MIT-Arrhythmia
128838,MIT-Arrhythmia_00,360,MIT-Arrhythmia
129106,MIT-Arrhythmia_00,360,MIT-Arrhythmia
129379,MIT-Arrhythmia_00,360,MIT-Arrhythmia
129666,MIT-Arrhythmia_00,360,MIT-Arrhythmia
129950,MIT-Arrhythmia_00,360,MIT-Arrhythmia
130236,MIT-Arrhythmia_00,360,MIT-Arrhythmia
130502,MIT-Arrhythmia_00,360,MIT-Arrhythmia
130770,MIT-Arrhythmia_00,360,MIT-Arrhythmia
131056,MIT-Arrhythmia_00,360,MIT-Arrhythmia
131330,MIT-Arrhythmia_00,360,MIT-Arrhythmia
131611,MIT-Arrhythmia_00,360,MIT-Arrhythmia
131901,MIT-Arrhythmia_00,360,MIT-Arrhythmia
132201,MIT-Arrhythmia_00,360,MIT-Arrhythmia
132487,MIT-Arrhythmia_00,360,MIT-Arrhythmia
132761,MIT-Arrhythmia_00,360,MIT-Arrhythmia
133047,MIT-Arrhythmia_00,360,MIT-Arrhythmia
133334,MIT-Arrhythmia_00,360,MIT-Arrhythmia
133623,MIT-Arrhythmia_00,360,MIT-Arrhythmia
133918,MIT-Arrhythmia_00,360,MIT-Arrhythmia
134218,MIT-Arrhythmia_00,360,MIT-Arrhythmia
134526,MIT-Arrhythmia_00,360,MIT-Arrhythmia
134807,MIT-Arrhythmia_00,360,MIT-Arrhythmia
135087,MIT-Arrhythmia_00,360,MIT-Arrhythmia
135386,MIT-Arrhythmia_00,360,MIT-Arrhythmia
135677,MIT-Arrhythmia_00,360,MIT-Arrhythmia
135976,MIT-Arrhythmia_00,360,MIT-Arrhythmia
136284,MIT-Arrhythmia_00,360,MIT-Arrhythmia
136586,MIT-Arrhythmia_00,360,MIT-Arrhythmia
136880,MIT-Arrhythmia_00,360,MIT-Arrhythmia
137159,MIT-Arrhythmia_00,360,MIT-Arrhythmia
137458,MIT-Arrhythmia_00,360,MIT-Arrhythmia
137746,MIT-Arrhythmia_00,360,MIT-Arrhythmia
138037,MIT-Arrhythmia_00,360,MIT-Arrhythmia
138306,MIT-Arrhythmia_00,360,MIT-Arrhythmia
138611,MIT-Arrhythmia_00,360,MIT-Arrhythmia
138909,MIT-Arrhythmia_00,360,MIT-Arrhythmia
139189,MIT-Arrhythmia_00,360,MIT-Arrhythmia
139477,MIT-Arrhythmia_00,360,MIT-Arrhythmia
139767,MIT-Arrhythmia_00,360,MIT-Arrhythmia
140053,MIT-Arrhythmia_00,360,MIT-Arrhythmia
140354,MIT-Arrhythmia_00,360,MIT-Arrhythmia
140656,MIT-Arrhythmia_00,360,MIT-Arrhythmia
140960,MIT-Arrhythmia_00,360,MIT-Arrhythmia
141269,MIT-Arrhythmia_00,360,MIT-Arrhythmia
141546,MIT-Arrhythmia_00,360,MIT-Arrhythmia
141833,MIT-Arrhythmia_00,360,MIT-Arrhythmia
142113,MIT-Arrhythmia_00,360,MIT-Arrhythmia
142398,MIT-Arrhythmia_00,360,MIT-Arrhythmia
142695,MIT-Arrhythmia_00,360,MIT-Arrhythmia
143002,MIT-Arrhythmia_00,360,MIT-Arrhythmia
143291,MIT-Arrhythmia_00,360,MIT-Arrhythmia
143562,MIT-Arrhythmia_00,360,MIT-Arrhythmia
143856,MIT-Arrhythmia_00,360,MIT-Arrhythmia
144143,MIT-Arrhythmia_00,360,MIT-Arrhythmia
144433,MIT-Arrhythmia_00,360,MIT-Arrhythmia
144733,MIT-Arrhythmia_00,360,MIT-Arrhythmia
145047,MIT-Arrhythmia_00,360,MIT-Arrhythmia
145347,MIT-Arrhythmia_00,360,MIT-Arrhythmia
145635,MIT-Arrhythmia_00,360,MIT-Arrhythmia
145937,MIT-Arrhythmia_00,360,MIT-Arrhythmia
146197,MIT-Arrhythmia_00,360,MIT-Arrhythmia
146484,MIT-Arrhythmia_00,360,MIT-Arrhythmia
146784,MIT-Arrhythmia_00,360,MIT-Arrhythmia
147086,MIT-Arrhythmia_00,360,MIT-Arrhythmia
147392,MIT-Arrhythmia_00,360,MIT-Arrhythmia
147677,MIT-Arrhythmia_00,360,MIT-Arrhythmia
147959,MIT-Arrhythmia_00,360,MIT-Arrhythmia
148250,MIT-Arrhythmia_00,360,MIT-Arrhythmia
148533,MIT-Arrhythmia_00,360,MIT-Arrhythmia
148826,MIT-Arrhythmia_00,360,MIT-Arrhythmia
149129,MIT-Arrhythmia_00,360,MIT-Arrhythmia
149437,MIT-Arrhythmia_00,360,MIT-Arrhythmia
149726,MIT-Arrhythmia_00,360,MIT-Arrhythmia
150005,MIT-Arrhythmia_00,360,MIT-Arrhythmia
150301,MIT-Arrhythmia_00,360,MIT-Arrhythmia
150585,MIT-Arrhythmia_00,360,MIT-Arrhythmia
150869,MIT-Arrhythmia_00,360,MIT-Arrhythmia
151166,MIT-Arrhythmia_00,360,MIT-Arrhythmia
151476,MIT-Arrhythmia_00,360,MIT-Arrhythmia
151739,MIT-Arrhythmia_00,360,MIT-Arrhythmia
151994,MIT-Arrhythmia_00,360,MIT-Arrhythmia
152286,MIT-Arrhythmia_00,360,MIT-Arrhythmia
152576,MIT-Arrhythmia_00,360,MIT-Arrhythmia
152862,MIT-Arrhythmia_00,360,MIT-Arrhythmia
153156,MIT-Arrhythmia_00,360,MIT-Arrhythmia
153456,MIT-Arrhythmia_00,360,MIT-Arrhythmia
153765,MIT-Arrhythmia_00,360,MIT-Arrhythmia
154062,MIT-Arrhythmia_00,360,MIT-Arrhythmia
154348,MIT-Arrhythmia_00,360,MIT-Arrhythmia
154644,MIT-Arrhythmia_00,360,MIT-Arrhythmia
154935,MIT-Arrhythmia_00,360,MIT-Arrhythmia
155201,MIT-Arrhythmia_00,360,MIT-Arrhythmia
155500,MIT-Arrhythmia_00,360,MIT-Arrhythmia
155813,MIT-Arrhythmia_00,360,MIT-Arrhythmia
156113,MIT-Arrhythmia_00,360,MIT-Arrhythmia
156392,MIT-Arrhythmia_00,360,MIT-Arrhythmia
156687,MIT-Arrhythmia_00,360,MIT-Arrhythmia
156971,MIT-Arrhythmia_00,360,MIT-Arrhythmia
157250,MIT-Arrhythmia_00,360,MIT-Arrhythmia
157546,MIT-Arrhythmia_00,360,MIT-Arrhythmia
157850,MIT-Arrhythmia_00,360,MIT-Arrhythmia
158152,MIT-Arrhythmia_00,360,MIT-Arrhythmia
158439,MIT-Arrhythmia_00,360,MIT-Arrhythmia
158700,MIT-Arrhythmia_00,360,MIT-Arrhythmia
158986,MIT-Arrhythmia_00,360,MIT-Arrhythmia
159278,MIT-Arrhythmia_00,360,MIT-Arrhythmia
159587,MIT-Arrhythmia_00,360,MIT-Arrhythmia
159903,MIT-Arrhythmia_00,360,MIT-Arrhythmia
160188,MIT-Arrhythmia_00,360,MIT-Arrhythmia
160478,MIT-Arrhythmia_00,360,MIT-Arrhythmia
160760,MIT-Arrhythmia_00,360,MIT-Arrhythmia
161052,MIT-Arrhythmia_00,360,MIT-Arrhythmia
161335,MIT-Arrhythmia_00,360,MIT-Arrhythmia
161618,MIT-Arrhythmia_00,360,MIT-Arrhythmia
161917,MIT-Arrhythmia_00,360,MIT-Arrhythmia
162226,MIT-Arrhythmia_00,360,MIT-Arrhythmia
162527,MIT-Arrhythmia_00,360,MIT-Arrhythmia
162809,MIT-Arrhythmia_00,360,MIT-Arrhythmia
163101,MIT-Arrhythmia_00,360,MIT-Arrhythmia
163390,MIT-Arrhythmia_00,360,MIT-Arrhythmia
163671,MIT-Arrhythmia_00,360,MIT-Arrhythmia
163930,MIT-Arrhythmia_00,360,MIT-Arrhythmia
164223,MIT-Arrhythmia_00,360,MIT-Arrhythmia
164538,MIT-Arrhythmia_00,360,MIT-Arrhythmia
164830,MIT-Arrhythmia_00,360,MIT-Arrhythmia
165116,MIT-Arrhythmia_00,360,MIT-Arrhythmia
165413,MIT-Arrhythmia_00,360,MIT-Arrhythmia
165702,MIT-Arrhythmia_00,360,MIT-Arrhythmia
165972,MIT-Arrhythmia_00,360,MIT-Arrhythmia
166271,MIT-Arrhythmia_00,360,MIT-Arrhythmia
166581,MIT-Arrhythmia_00,360,MIT-Arrhythmia
166881,MIT-Arrhythmia_00,360,MIT-Arrhythmia
167160,MIT-Arrhythmia_00,360,MIT-Arrhythmia
167455,MIT-Arrhythmia_00,360,MIT-Arrhythmia
167740,MIT-Arrhythmia_00,360,MIT-Arrhythmia
168020,MIT-Arrhythmia_00,360,MIT-Arrhythmia
168315,MIT-Arrhythmia_00,360,MIT-Arrhythmia
168621,MIT-Arrhythmia_00,360,MIT-Arrhythmia
168923,MIT-Arrhythmia_00,360,MIT-Arrhythmia
169211,MIT-Arrhythmia_00,360,MIT-Arrhythmia
169499,MIT-Arrhythmia_00,360,MIT-Arrhythmia
169785,MIT-Arrhythmia_00,360,MIT-Arrhythmia
170066,MIT-Arrhythmia_00,360,MIT-Arrhythmia
170361,MIT-Arrhythmia_00,360,MIT-Arrhythmia
170628,MIT-Arrhythmia_00,360,MIT-Arrhythmia
170911,MIT-Arrhythmia_00,360,MIT-Arrhythmia
171215,MIT-Arrhythmia_00,360,MIT-Arrhythmia
171499,MIT-Arrhythmia_00,360,MIT-Arrhythmia
171791,MIT-Arrhythmia_00,360,MIT-Arrhythmia
172071,MIT-Arrhythmia_00,360,MIT-Arrhythmia
172355,MIT-Arrhythmia_00,360,MIT-Arrhythmia
172652,MIT-Arrhythmia_00,360,MIT-Arrhythmia
172962,MIT-Arrhythmia_00,360,MIT-Arrhythmia
173264,MIT-Arrhythmia_00,360,MIT-Arrhythmia
173561,MIT-Arrhythmia_00,360,MIT-Arrhythmia
173855,MIT-Arrhythmia_00,360,MIT-Arrhythmia
174145,MIT-Arrhythmia_00,360,MIT-Arrhythmia
174397,MIT-Arrhythmia_00,360,MIT-Arrhythmia
174691,MIT-Arrhythmia_00,360,MIT-Arrhythmia
174995,MIT-Arrhythmia_00,360,MIT-Arrhythmia
175302,MIT-Arrhythmia_00,360,MIT-Arrhythmia
175592,MIT-Arrhythmia_00,360,MIT-Arrhythmia
175880,MIT-Arrhythmia_00,360,MIT-Arrhythmia
176168,MIT-Arrhythmia_00,360,MIT-Arrhythmia
176447,MIT-Arrhythmia_00,360,MIT-Arrhythmia
176738,MIT-Arrhythmia_00,360,MIT-Arrhythmia
177038,MIT-Arrhythmia_00,360,MIT-Arrhythmia
177347,MIT-Arrhythmia_00,360,MIT-Arrhythmia
177641,MIT-Arrhythmia_00,360,MIT-Arrhythmia
177925,MIT-Arrhythmia_00,360,MIT-Arrhythmia
178185,MIT-Arrhythmia_00,360,MIT-Arrhythmia
178462,MIT-Arrhythmia_00,360,MIT-Arrhythmia
178741,MIT-Arrhythmia_00,360,MIT-Arrhythmia
179042,MIT-Arrhythmia_00,360,MIT-Arrhythmia
179357,MIT-Arrhythmia_00,360,MIT-Arrhythmia
179667,MIT-Arrhythmia_00,360,MIT-Arrhythmia
179955,MIT-Arrhythmia_00,360,MIT-Arrhythmia
180258,MIT-Arrhythmia_00,360,MIT-Arrhythmia
180522,MIT-Arrhythmia_00,360,MIT-Arrhythmia
180799,MIT-Arrhythmia_00,360,MIT-Arrhythmia
181091,MIT-Arrhythmia_00,360,MIT-Arrhythmia
181391,MIT-Arrhythmia_00,360,MIT-Arrhythmia
181696,MIT-Arrhythmia_00,360,MIT-Arrhythmia
182017,MIT-Arrhythmia_00,360,MIT-Arrhythmia
182278,MIT-Arrhythmia_00,360,MIT-Arrhythmia
182565,MIT-Arrhythmia_00,360,MIT-Arrhythmia
182844,MIT-Arrhythmia_00,360,MIT-Arrhythmia
183131,MIT-Arrhythmia_00,360,MIT-Arrhythmia
183430,MIT-Arrhythmia_00,360,MIT-Arrhythmia
183740,MIT-Arrhythmia_00,360,MIT-Arrhythmia
184006,MIT-Arrhythmia_00,360,MIT-Arrhythmia
184280,MIT-Arrhythmia_00,360,MIT-Arrhythmia
184586,MIT-Arrhythmia_00,360,MIT-Arrhythmia
184873,MIT-Arrhythmia_00,360,MIT-Arrhythmia
185159,MIT-Arrhythmia_00,360,MIT-Arrhythmia
185452,MIT-Arrhythmia_00,360,MIT-Arrhythmia
185770,MIT-Arrhythmia_00,360,MIT-Arrhythmia
186047,MIT-Arrhythmia_00,360,MIT-Arrhythmia
186340,MIT-Arrhythmia_00,360,MIT-Arrhythmia
186634,MIT-Arrhythmia_00,360,MIT-Arrhythmia
186920,MIT-Arrhythmia_00,360,MIT-Arrhythmia
187199,MIT-Arrhythmia_00,360,MIT-Arrhythmia
187489,MIT-Arrhythmia_00,360,MIT-Arrhythmia
187787,MIT-Arrhythmia_00,360,MIT-Arrhythmia
188094,MIT-Arrhythmia_00,360,MIT-Arrhythmia
188389,MIT-Arrhythmia_00,360,MIT-Arrhythmia
188677,MIT-Arrhythmia_00,360,MIT-Arrhythmia
188969,MIT-Arrhythmia_00,360,MIT-Arrhythmia
189246,MIT-Arrhythmia_00,360,MIT-Arrhythmia
189529,MIT-Arrhythmia_00,360,MIT-Arrhythmia
189820,MIT-Arrhythmia_00,360,MIT-Arrhythmia
190077,MIT-Arrhythmia_00,360,MIT-Arrhythmia
190388,MIT-Arrhythmia_00,360,MIT-Arrhythmia
190692,MIT-Arrhythmia_00,360,MIT-Arrhythmia
190994,MIT-Arrhythmia_00,360,MIT-Arrhythmia
191283,MIT-Arrhythmia_00,360,MIT-Arrhythmia
191567,MIT-Arrhythmia_00,360,MIT-Arrhythmia
191831,MIT-Arrhythmia_00,360,MIT-Arrhythmia
192132,MIT-Arrhythmia_00,360,MIT-Arrhythmia
192440,MIT-Arrhythmia_00,360,MIT-Arrhythmia
192734,MIT-Arrhythmia_00,360,MIT-Arrhythmia
193025,MIT-Arrhythmia_00,360,MIT-Arrhythmia
193317,MIT-Arrhythmia_00,360,MIT-Arrhythmia
193592,MIT-Arrhythmia_00,360,MIT-Arrhythmia
193879,MIT-Arrhythmia_00,360,MIT-Arrhythmia
194177,MIT-Arrhythmia_00,360,MIT-Arrhythmia
194487,MIT-Arrhythmia_00,360,MIT-Arrhythmia
194784,MIT-Arrhythmia_00,360,MIT-Arrhythmia
195048,MIT-Arrhythmia_00,360,MIT-Arrhythmia
195345,MIT-Arrhythmia_00,360,MIT-Arrhythmia
195641,MIT-Arrhythmia_00,360,MIT-Arrhythmia
195930,MIT-Arrhythmia_00,360,MIT-Arrhythmia
196202,MIT-Arrhythmia_00,360,MIT-Arrhythmia
196509,MIT-Arrhythmia_00,360,MIT-Arrhythmia
196811,MIT-Arrhythmia_00,360,MIT-Arrhythmia
197103,MIT-Arrhythmia_00,360,MIT-Arrhythmia
197400,MIT-Arrhythmia_00,360,MIT-Arrhythmia
197685,MIT-Arrhythmia_00,360,MIT-Arrhythmia
197962,MIT-Arrhythmia_00,360,MIT-Arrhythmia
198251,MIT-Arrhythmia_00,360,MIT-Arrhythmia
198549,MIT-Arrhythmia_00,360,MIT-Arrhythmia
198856,MIT-Arrhythmia_00,360,MIT-Arrhythmia
199154,MIT-Arrhythmia_00,360,MIT-Arrhythmia
199415,MIT-Arrhythmia_00,360,MIT-Arrhythmia
199710,MIT-Arrhythmia_00,360,MIT-Arrhythmia
200000,MIT-Arrhythmia_00,360,MIT-Arrhythmia
200294,MIT-Arrhythmia_00,360,MIT-Arrhythmia
200598,MIT-Arrhythmia_00,360,MIT-Arrhythmia
200882,MIT-Arrhythmia_00,360,MIT-Arrhythmia
201180,MIT-Arrhythmia_00,360,MIT-Arrhythmia
201471,MIT-Arrhythmia_00,360,MIT-Arrhythmia
201771,MIT-Arrhythmia_00,360,MIT-Arrhythmia
202052,MIT-Arrhythmia_00,360,MIT-Arrhythmia
202325,MIT-Arrhythmia_00,360,MIT-Arrhythmia
202613,MIT-Arrhythmia_00,360,MIT-Arrhythmia
202918,MIT-Arrhythmia_00,360,MIT-Arrhythmia
203222,MIT-Arrhythmia_00,360,MIT-Arrhythmia
203515,MIT-Arrhythmia_00,360,MIT-Arrhythmia
203814,MIT-Arrhythmia_00,360,MIT-Arrhythmia
204078,MIT-Arrhythmia_00,360,MIT-Arrhythmia
204339,MIT-Arrhythmia_00,360,MIT-Arrhythmia
204635,MIT-Arrhythmia_00,360,MIT-Arrhythmia
204949,MIT-Arrhythmia_00,360,MIT-Arrhythmia
205260,MIT-Arrhythmia_00,360,MIT-Arrhythmia
205532,MIT-Arrhythmia_00,360,MIT-Arrhythmia
205827,MIT-Arrhythmia_00,360,MIT-Arrhythmia
206122,MIT-Arrhythmia_00,360,MIT-Arrhythmia
206400,MIT-Arrhythmia_00,360,MIT-Arrhythmia
206684,MIT-Arrhythmia_00,360,MIT-Arrhythmia
206975,MIT-Arrhythmia_00,360,MIT-Arrhythmia
207283,MIT-Arrhythmia_00,360,MIT-Arrhythmia
207584,MIT-Arrhythmia_00,360,MIT-Arrhythmia
207874,MIT-Arrhythmia_00,360,MIT-Arrhythmia
208175,MIT-Arrhythmia_00,360,MIT-Arrhythmia
208460,MIT-Arrhythmia_00,360,MIT-Arrhythmia
208731,MIT-Arrhythmia_00,360,MIT-Arrhythmia
208997,MIT-Arrhythmia_00,360,MIT-Arrhythmia
209282,MIT-Arrhythmia_00,360,MIT-Arrhythmia
209598,MIT-Arrhythmia_00,360,MIT-Arrhythmia
209899,MIT-Arrhythmia_00,360,MIT-Arrhythmia
210217,MIT-Arrhythmia_00,360,MIT-Arrhythmia
210483,MIT-Arrhythmia_00,360,MIT-Arrhythmia
210760,MIT-Arrhythmia_00,360,MIT-Arrhythmia
211047,MIT-Arrhythmia_00,360,MIT-Arrhythmia
211338,MIT-Arrhythmia_00,360,MIT-Arrhythmia
211644,MIT-Arrhythmia_00,360,MIT-Arrhythmia
211941,MIT-Arrhythmia_00,360,MIT-Arrhythmia
212235,MIT-Arrhythmia_00,360,MIT-Arrhythmia
212532,MIT-Arrhythmia_00,360,MIT-Arrhythmia
212810,MIT-Arrhythmia_00,360,MIT-Arrhythmia
213088,MIT-Arrhythmia_00,360,MIT-Arrhythmia
213375,MIT-Arrhythmia_00,360,MIT-Arrhythmia
213664,MIT-Arrhythmia_00,360,MIT-Arrhythmia
213951,MIT-Arrhythmia_00,360,MIT-Arrhythmia
214268,MIT-Arrhythmia_00,360,MIT-Arrhythmia
214587,MIT-Arrhythmia_00,360,MIT-Arrhythmia
214847,MIT-Arrhythmia_00,360,MIT-Arrhythmia
215122,MIT-Arrhythmia_00,360,MIT-Arrhythmia
215406,MIT-Arrhythmia_00,360,MIT-Arrhythmia
215702,MIT-Arrhythmia_00,360,MIT-Arrhythmia
216009,MIT-Arrhythmia_00,360,MIT-Arrhythmia
216306,MIT-Arrhythmia_00,360,MIT-Arrhythmia
216604,MIT-Arrhythmia_00,360,MIT-Arrhythmia
216896,MIT-Arrhythmia_00,360,MIT-Arrhythmia
217171,MIT-Arrhythmia_00,360,MIT-Arrhythmia
217442,MIT-Arrhythmia_00,360,MIT-Arrhythmia
217713,MIT-Arrhythmia_00,360,MIT-Arrhythmia
218046,MIT-Arrhythmia_00,360,MIT-Arrhythmia
218357,MIT-Arrhythmia_00,360,MIT-Arrhythmia
218624,MIT-Arrhythmia_00,360,MIT-Arrhythmia
218928,MIT-Arrhythmia_00,360,MIT-Arrhythmia
219208,MIT-Arrhythmia_00,360,MIT-Arrhythmia
219485,MIT-Arrhythmia_00,360,MIT-Arrhythmia
219769,MIT-Arrhythmia_00,360,MIT-Arrhythmia
220071,MIT-Arrhythmia_00,360,MIT-Arrhythmia
220376,MIT-Arrhythmia_00,360,MIT-Arrhythmia
220669,MIT-Arrhythmia_00,360,MIT-Arrhythmia
220974,MIT-Arrhythmia_00,360,MIT-Arrhythmia
221256,MIT-Arrhythmia_00,360,MIT-Arrhythmia
221539,MIT-Arrhythmia_00,360,MIT-Arrhythmia
221840,MIT-Arrhythmia_00,360,MIT-Arrhythmia
222114,MIT-Arrhythmia_00,360,MIT-Arrhythmia
222420,MIT-Arrhythmia_00,360,MIT-Arrhythmia
222718,MIT-Arrhythmia_00,360,MIT-Arrhythmia
223019,MIT-Arrhythmia_00,360,MIT-Arrhythmia
223315,MIT-Arrhythmia_00,360,MIT-Arrhythmia
223592,MIT-Arrhythmia_00,360,MIT-Arrhythmia
223875,MIT-Arrhythmia_00,360,MIT-Arrhythmia
224162,MIT-Arrhythmia_00,360,MIT-Arrhythmia
224469,MIT-Arrhythmia_00,360,MIT-Arrhythmia
224744,MIT-Arrhythmia_00,360,MIT-Arrhythmia
225040,MIT-Arrhythmia_00,360,MIT-Arrhythmia
225360,MIT-Arrhythmia_00,360,MIT-Arrhythmia
225662,MIT-Arrhythmia_00,360,MIT-Arrhythmia
225911,MIT-Arrhythmia_00,360,MIT-Arrhythmia
226197,MIT-Arrhythmia_00,360,MIT-Arrhythmia
226496,MIT-Arrhythmia_00,360,MIT-Arrhythmia
226798,MIT-Arrhythmia_00,360,MIT-Arrhythmia
227094,MIT-Arrhythmia_00,360,MIT-Arrhythmia
227400,MIT-Arrhythmia_00,360,MIT-Arrhythmia
227689,MIT-Arrhythmia_00,360,MIT-Arrhythmia
227967,MIT-Arrhythmia_00,360,MIT-Arrhythmia
228249,MIT-Arrhythmia_00,360,MIT-Arrhythmia
228537,MIT-Arrhythmia_00,360,MIT-Arrhythmia
228826,MIT-Arrhythmia_00,360,MIT-Arrhythmia
229117,MIT-Arrhythmia_00,360,MIT-Arrhythmia
229426,MIT-Arrhythmia_00,360,MIT-Arrhythmia
229743,MIT-Arrhythmia_00,360,MIT-Arrhythmia
230004,MIT-Arrhythmia_00,360,MIT-Arrhythmia
230283,MIT-Arrhythmia_00,360,MIT-Arrhythmia
230572,MIT-Arrhythmia_00,360,MIT-Arrhythmia
230876,MIT-Arrhythmia_00,360,MIT-Arrhythmia
231177,MIT-Arrhythmia_00,360,MIT-Arrhythmia
231472,MIT-Arrhythmia_00,360,MIT-Arrhythmia
231778,MIT-Arrhythmia_00,360,MIT-Arrhythmia
232062,MIT-Arrhythmia_00,360,MIT-Arrhythmia
232333,MIT-Arrhythmia_00,360,MIT-Arrhythmia
232615,MIT-Arrhythmia_00,360,MIT-Arrhythmia
232912,MIT-Arrhythmia_00,360,MIT-Arrhythmia
233197,MIT-Arrhythmia_00,360,MIT-Arrhythmia
233483,MIT-Arrhythmia_00,360,MIT-Arrhythmia
233804,MIT-Arrhythmia_00,360,MIT-Arrhythmia
234114,MIT-Arrhythmia_00,360,MIT-Arrhythmia
234371,MIT-Arrhythmia_00,360,MIT-Arrhythmia
234655,MIT-Arrhythmia_00,360,MIT-Arrhythmia
234943,MIT-Arrhythmia_00,360,MIT-Arrhythmia
235243,MIT-Arrhythmia_00,360,MIT-Arrhythmia
235542,MIT-Arrhythmia_00,360,MIT-Arrhythmia
235844,MIT-Arrhythmia_00,360,MIT-Arrhythmia
236140,MIT-Arrhythmia_00,360,MIT-Arrhythmia
236421,MIT-Arrhythmia_00,360,MIT-Arrhythmia
236704,MIT-Arrhythmia_00,360,MIT-Arrhythmia
236987,MIT-Arrhythmia_00,360,MIT-Arrhythmia
237279,MIT-Arrhythmia_00,360,MIT-Arrhythmia
237584,MIT-Arrhythmia_00,360,MIT-Arrhythmia
237896,MIT-Arrhythmia_00,360,MIT-Arrhythmia
238192,MIT-Arrhythmia_00,360,MIT-Arrhythmia
238480,MIT-Arrhythmia_00,360,MIT-Arrhythmia
238752,MIT-Arrhythmia_00,360,MIT-Arrhythmia
239035,MIT-Arrhythmia_00,360,MIT-Arrhythmia
239332,MIT-Arrhythmia_00,360,MIT-Arrhythmia
239630,MIT-Arrhythmia_00,360,MIT-Arrhythmia
239925,MIT-Arrhythmia_00,360,MIT-Arrhythmia
240236,MIT-Arrhythmia_00,360,MIT-Arrhythmia
240530,MIT-Arrhythmia_00,360,MIT-Arrhythmia
240798,MIT-Arrhythmia_00,360,MIT-Arrhythmia
241081,MIT-Arrhythmia_00,360,MIT-Arrhythmia
241391,MIT-Arrhythmia_00,360,MIT-Arrhythmia
241669,MIT-Arrhythmia_00,360,MIT-Arrhythmia
241966,MIT-Arrhythmia_00,360,MIT-Arrhythmia
242272,MIT-Arrhythmia_00,360,MIT-Arrhythmia
242573,MIT-Arrhythmia_00,360,MIT-Arrhythmia
242852,MIT-Arrhythmia_00,360,MIT-Arrhythmia
243136,MIT-Arrhythmia_00,360,MIT-Arrhythmia
243420,MIT-Arrhythmia_00,360,MIT-Arrhythmia
243718,MIT-Arrhythmia_00,360,MIT-Arrhythmia
244017,MIT-Arrhythmia_00,360,MIT-Arrhythmia
244295,MIT-Arrhythmia_00,360,MIT-Arrhythmia
244612,MIT-Arrhythmia_00,360,MIT-Arrhythmia
244924,MIT-Arrhythmia_00,360,MIT-Arrhythmia
245176,MIT-Arrhythmia_00,360,MIT-Arrhythmia
245459,MIT-Arrhythmia_00,360,MIT-Arrhythmia
245756,MIT-Arrhythmia_00,360,MIT-Arrhythmia
246056,MIT-Arrhythmia_00,360,MIT-Arrhythmia
246351,MIT-Arrhythmia_00,360,MIT-Arrhythmia
246664,MIT-Arrhythmia_00,360,MIT-Arrhythmia
246958,MIT-Arrhythmia_00,360,MIT-Arrhythmia
247232,MIT-Arrhythmia_00,360,MIT-Arrhythmia
247513,MIT-Arrhythmia_00,360,MIT-Arrhythmia
247777,MIT-Arrhythmia_00,360,MIT-Arrhythmia
248083,MIT-Arrhythmia_00,360,MIT-Arrhythmia
248408,MIT-Arrhythmia_00,360,MIT-Arrhythmia
248684,MIT-Arrhythmia_00,360,MIT-Arrhythmia
248986,MIT-Arrhythmia_00,360,MIT-Arrhythmia
249268,MIT-Arrhythmia_00,360,MIT-Arrhythmia
249551,MIT-Arrhythmia_00,360,MIT-Arrhythmia
249836,MIT-Arrhythmia_00,360,MIT-Arrhythmia
250135,MIT-Arrhythmia_00,360,MIT-Arrhythmia
250430,MIT-Arrhythmia_00,360,MIT-Arrhythmia
250726,MIT-Arrhythmia_00,360,MIT-Arrhythmia
251037,MIT-Arrhythmia_00,360,MIT-Arrhythmia
251323,MIT-Arrhythmia_00,360,MIT-Arrhythmia
251570,MIT-Arrhythmia_00,360,MIT-Arrhythmia
251875,MIT-Arrhythmia_00,360,MIT-Arrhythmia
252153,MIT-Arrhythmia_00,360,MIT-Arrhythmia
252450,MIT-Arrhythmia_00,360,MIT-Arrhythmia
252747,MIT-Arrhythmia_00,360,MIT-Arrhythmia
253055,MIT-Arrhythmia_00,360,MIT-Arrhythmia
253356,MIT-Arrhythmia_00,360,MIT-Arrhythmia
253636,MIT-Arrhythmia_00,360,MIT-Arrhythmia
253918,MIT-Arrhythmia_00,360,MIT-Arrhythmia
254204,MIT-Arrhythmia_00,360,MIT-Arrhythmia
254501,MIT-Arrhythmia_00,360,MIT-Arrhythmia
254794,MIT-Arrhythmia_00,360,MIT-Arrhythmia
255090,MIT-Arrhythmia_00,360,MIT-Arrhythmia
255407,MIT-Arrhythmia_00,360,MIT-Arrhythmia
255708,MIT-Arrhythmia_00,360,MIT-Arrhythmia
255968,MIT-Arrhythmia_00,360,MIT-Arrhythmia
256253,MIT-Arrhythmia_00,360,MIT-Arrhythmia
256545,MIT-Arrhythmia_00,360,MIT-Arrhythmia
256840,MIT-Arrhythmia_00,360,MIT-Arrhythmia
257136,MIT-Arrhythmia_00,360,MIT-Arrhythmia
257449,MIT-Arrhythmia_00,360,MIT-Arrhythmia
257743,MIT-Arrhythmia_00,360,MIT-Arrhythmia
258018,MIT-Arrhythmia_00,360,MIT-Arrhythmia
258296,MIT-Arrhythmia_00,360,MIT-Arrhythmia
258593,MIT-Arrhythmia_00,360,MIT-Arrhythmia
258883,MIT-Arrhythmia_00,360,MIT-Arrhythmia
259180,MIT-Arrhythmia_00,360,MIT-Arrhythmia
259492,MIT-Arrhythmia_00,360,MIT-Arrhythmia
259790,MIT-Arrhythmia_00,360,MIT-Arrhythmia
260072,MIT-Arrhythmia_00,360,MIT-Arrhythmia
260353,MIT-Arrhythmia_00,360,MIT-Arrhythmia
260634,MIT-Arrhythmia_00,360,MIT-Arrhythmia
260931,MIT-Arrhythmia_00,360,MIT-Arrhythmia
261225,MIT-Arrhythmia_00,360,MIT-Arrhythmia
261484,MIT-Arrhythmia_00,360,MIT-Arrhythmia
261808,MIT-Arrhythmia_00,360,MIT-Arrhythmia
262095,MIT-Arrhythmia_00,360,MIT-Arrhythmia
262375,MIT-Arrhythmia_00,360,MIT-Arrhythmia
262659,MIT-Arrhythmia_00,360,MIT-Arrhythmia
262952,MIT-Arrhythmia_00,360,MIT-Arrhythmia
263243,MIT-Arrhythmia_00,360,MIT-Arrhythmia
263539,MIT-Arrhythmia_00,360,MIT-Arrhythmia
263850,MIT-Arrhythmia_00,360,MIT-Arrhythmia
264137,MIT-Arrhythmia_00,360,MIT-Arrhythmia
264434,MIT-Arrhythmia_00,360,MIT-Arrhythmia
264700,MIT-Arrhythmia_00,360,MIT-Arrhythmia
264992,MIT-Arrhythmia_00,360,MIT-Arrhythmia
265285,MIT-Arrhythmia_00,360,MIT-Arrhythmia
265578,MIT-Arrhythmia_00,360,MIT-Arrhythmia
265889,MIT-Arrhythmia_00,360,MIT-Arrhythmia
266193,MIT-Arrhythmia_00,360,MIT-Arrhythmia
266477,MIT-Arrhythmia_00,360,MIT-Arrhythmia
266759,MIT-Arrhythmia_00,360,MIT-Arrhythmia
267042,MIT-Arrhythmia_00,360,MIT-Arrhythmia
267326,MIT-Arrhythmia_00,360,MIT-Arrhythmia
267619,MIT-Arrhythmia_00,360,MIT-Arrhythmia
267943,MIT-Arrhythmia_00,360,MIT-Arrhythmia
268234,MIT-Arrhythmia_00,360,MIT-Arrhythmia
268521,MIT-Arrhythmia_00,360,MIT-Arrhythmia
268807,MIT-Arrhythmia_00,360,MIT-Arrhythmia
269089,MIT-Arrhythmia_00,360,MIT-Arrhythmia
269383,MIT-Arrhythmia_00,360,MIT-Arrhythmia
269672,MIT-Arrhythmia_00,360,MIT-Arrhythmia
269966,MIT-Arrhythmia_00,360,MIT-Arrhythmia
270283,MIT-Arrhythmia_00,360,MIT-Arrhythmia
270578,MIT-Arrhythmia_00,360,MIT-Arrhythmia
270856,MIT-Arrhythmia_00,360,MIT-Arrhythmia
271107,MIT-Arrhythmia_00,360,MIT-Arrhythmia
271405,MIT-Arrhythmia_00,360,MIT-Arrhythmia
271702,MIT-Arrhythmia_00,360,MIT-Arrhythmia
272007,MIT-Arrhythmia_00,360,MIT-Arrhythmia
272298,MIT-Arrhythmia_00,360,MIT-Arrhythmia
272599,MIT-Arrhythmia_00,360,MIT-Arrhythmia
272887,MIT-Arrhythmia_00,360,MIT-Arrhythmia
273169,MIT-Arrhythmia_00,360,MIT-Arrhythmia
273450,MIT-Arrhythmia_00,360,MIT-Arrhythmia
273742,MIT-Arrhythmia_00,360,MIT-Arrhythmia
274035,MIT-Arrhythmia_00,360,MIT-Arrhythmia
274338,MIT-Arrhythmia_00,360,MIT-Arrhythmia
274646,MIT-Arrhythmia_00,360,MIT-Arrhythmia
274937,MIT-Arrhythmia_00,360,MIT-Arrhythmia
275200,MIT-Arrhythmia_00,360,MIT-Arrhythmia
275490,MIT-Arrhythmia_00,360,MIT-Arrhythmia
275805,MIT-Arrhythmia_00,360,MIT-Arrhythmia
276073,MIT-Arrhythmia_00,360,MIT-Arrhythmia
276368,MIT-Arrhythmia_00,360,MIT-Arrhythmia
276681,MIT-Arrhythmia_00,360,MIT-Arrhythmia
276977,MIT-Arrhythmia_00,360,MIT-Arrhythmia
277258,MIT-Arrhythmia_00,360,MIT-Arrhythmia
277540,MIT-Arrhythmia_00,360,MIT-Arrhythmia
277829,MIT-Arrhythmia_00,360,MIT-Arrhythmia
278117,MIT-Arrhythmia_00,360,MIT-Arrhythmia
278405,MIT-Arrhythmia_00,360,MIT-Arrhythmia
278717,MIT-Arrhythmia_00,360,MIT-Arrhythmia
279044,MIT-Arrhythmia_00,360,MIT-Arrhythmia
279309,MIT-Arrhythmia_00,360,MIT-Arrhythmia
279595,MIT-Arrhythmia_00,360,MIT-Arrhythmia
279878,MIT-Arrhythmia_00,360,MIT-Arrhythmia
280165,MIT-Arrhythmia_00,360,MIT-Arrhythmia
280453,MIT-Arrhythmia_00,360,MIT-Arrhythmia
280756,MIT-Arrhythmia_00,360,MIT-Arrhythmia
281064,MIT-Arrhythmia_00,360,MIT-Arrhythmia
281356,MIT-Arrhythmia_00,360,MIT-Arrhythmia
281645,MIT-Arrhythmia_00,360,MIT-Arrhythmia
281928,MIT-Arrhythmia_00,360,MIT-Arrhythmia
282221,MIT-Arrhythmia_00,360,MIT-Arrhythmia
282508,MIT-Arrhythmia_00,360,MIT-Arrhythmia
282799,MIT-Arrhythmia_00,360,MIT-Arrhythmia
283116,MIT-Arrhythmia_00,360,MIT-Arrhythmia
283416,MIT-Arrhythmia_00,360,MIT-Arrhythmia
283695,MIT-Arrhythmia_00,360,MIT-Arrhythmia
283978,MIT-Arrhythmia_00,360,MIT-Arrhythmia
284268,MIT-Arrhythmia_00,360,MIT-Arrhythmia
284556,MIT-Arrhythmia_00,360,MIT-Arrhythmia
284840,MIT-Arrhythmia_00,360,MIT-Arrhythmia
285157,MIT-Arrhythmia_00,360,MIT-Arrhythmia
285461,MIT-Arrhythmia_00,360,MIT-Arrhythmia
285751,MIT-Arrhythmia_00,360,MIT-Arrhythmia
286035,MIT-Arrhythmia_00,360,MIT-Arrhythmia
286318,MIT-Arrhythmia_00,360,MIT-Arrhythmia
286606,MIT-Arrhythmia_00,360,MIT-Arrhythmia
286891,MIT-Arrhythmia_00,360,MIT-Arrhythmia
287191,MIT-Arrhythmia_00,360,MIT-Arrhythmia
287512,MIT-Arrhythmia_00,360,MIT-Arrhythmia
287792,MIT-Arrhythmia_00,360,MIT-Arrhythmia
288084,MIT-Arrhythmia_00,360,MIT-Arrhythmia
288367,MIT-Arrhythmia_00,360,MIT-Arrhythmia
288655,MIT-Arrhythmia_00,360,MIT-Arrhythmia
288940,MIT-Arrhythmia_00,360,MIT-Arrhythmia
289232,MIT-Arrhythmia_00,360,MIT-Arrhythmia
289547,MIT-Arrhythmia_00,360,MIT-Arrhythmia
289846,MIT-Arrhythmia_00,360,MIT-Arrhythmia
290119,MIT-Arrhythmia_00,360,MIT-Arrhythmia
290407,MIT-Arrhythmia_00,360,MIT-Arrhythmia
290718,MIT-Arrhythmia_00,360,MIT-Arrhythmia
290989,MIT-Arrhythmia_00,360,MIT-Arrhythmia
291275,MIT-Arrhythmia_00,360,MIT-Arrhythmia
291589,MIT-Arrhythmia_00,360,MIT-Arrhythmia
291894,MIT-Arrhythmia_00,360,MIT-Arrhythmia
292180,MIT-Arrhythmia_00,360,MIT-Arrhythmia
292463,MIT-Arrhythmia_00,360,MIT-Arrhythmia
292747,MIT-Arrhythmia_00,360,MIT-Arrhythmia
293033,MIT-Arrhythmia_00,360,MIT-Arrhythmia
293292,MIT-Arrhythmia_00,360,MIT-Arrhythmia
293608,MIT-Arrhythmia_00,360,MIT-Arrhythmia
293937,MIT-Arrhythmia_00,360,MIT-Arrhythmia
294205,MIT-Arrhythmia_00,360,MIT-Arrhythmia
294501,MIT-Arrhythmia_00,360,MIT-Arrhythmia
294783,MIT-Arrhythmia_00,360,MIT-Arrhythmia
295072,MIT-Arrhythmia_00,360,MIT-Arrhythmia
295353,MIT-Arrhythmia_00,360,MIT-Arrhythmia
295643,MIT-Arrhythmia_00,360,MIT-Arrhythmia
295956,MIT-Arrhythmia_00,360,MIT-Arrhythmia
296253,MIT-Arrhythmia_00,360,MIT-Arrhythmia
296521,MIT-Arrhythmia_00,360,MIT-Arrhythmia
296822,MIT-Arrhythmia_00,360,MIT-Arrhythmia
297107,MIT-Arrhythmia_00,360,MIT-Arrhythmia
297393,MIT-Arrhythmia_00,360,MIT-Arrhythmia
297676,MIT-Arrhythmia_00,360,MIT-Arrhythmia
297988,MIT-Arrhythmia_00,360,MIT-Arrhythmia
298295,MIT-Arrhythmia_00,360,MIT-Arrhythmia
298584,MIT-Arrhythmia_00,360,MIT-Arrhythmia
298869,MIT-Arrhythmia_00,360,MIT-Arrhythmia
299157,MIT-Arrhythmia_00,360,MIT-Arrhythmia
299433,MIT-Arrhythmia_00,360,MIT-Arrhythmia
299730,MIT-Arrhythmia_00,360,MIT-Arrhythmia
300024,MIT-Arrhythmia_00,360,MIT-Arrhythmia
300334,MIT-Arrhythmia_00,360,MIT-Arrhythmia
300628,MIT-Arrhythmia_00,360,MIT-Arrhythmia
300922,MIT-Arrhythmia_00,360,MIT-Arrhythmia
301207,MIT-Arrhythmia_00,360,MIT-Arrhythmia
301494,MIT-Arrhythmia_00,360,MIT-Arrhythmia
301774,MIT-Arrhythmia_00,360,MIT-Arrhythmia
302067,MIT-Arrhythmia_00,360,MIT-Arrhythmia
302382,MIT-Arrhythmia_00,360,MIT-Arrhythmia
302670,MIT-Arrhythmia_00,360,MIT-Arrhythmia
302967,MIT-Arrhythmia_00,360,MIT-Arrhythmia
303251,MIT-Arrhythmia_00,360,MIT-Arrhythmia
303543,MIT-Arrhythmia_00,360,MIT-Arrhythmia
303825,MIT-Arrhythmia_00,360,MIT-Arrhythmia
304108,MIT-Arrhythmia_00,360,MIT-Arrhythmia
304420,MIT-Arrhythmia_00,360,MIT-Arrhythmia
304724,MIT-Arrhythmia_00,360,MIT-Arrhythmia
305037,MIT-Arrhythmia_00,360,MIT-Arrhythmia
305301,MIT-Arrhythmia_00,360,MIT-Arrhythmia
305591,MIT-Arrhythmia_00,360,MIT-Arrhythmia
305877,MIT-Arrhythmia_00,360,MIT-Arrhythmia
306158,MIT-Arrhythmia_00,360,MIT-Arrhythmia
306460,MIT-Arrhythmia_00,360,MIT-Arrhythmia
306767,MIT-Arrhythmia_00,360,MIT-Arrhythmia
307063,MIT-Arrhythmia_00,360,MIT-Arrhythmia
307360,MIT-Arrhythmia_00,360,MIT-Arrhythmia
307638,MIT-Arrhythmia_00,360,MIT-Arrhythmia
307928,MIT-Arrhythmia_00,360,MIT-Arrhythmia
308207,MIT-Arrhythmia_00,360,MIT-Arrhythmia
308498,MIT-Arrhythmia_00,360,MIT-Arrhythmia
308806,MIT-Arrhythmia_00,360,MIT-Arrhythmia
309101,MIT-Arrhythmia_00,360,MIT-Arrhythmia
309401,MIT-Arrhythmia_00,360,MIT-Arrhythmia
309682,MIT-Arrhythmia_00,360,MIT-Arrhythmia
309984,MIT-Arrhythmia_00,360,MIT-Arrhythmia
310261,MIT-Arrhythmia_00,360,MIT-Arrhythmia
310544,MIT-Arrhythmia_00,360,MIT-Arrhythmia
310854,MIT-Arrhythmia_00,360,MIT-Arrhythmia
311156,MIT-Arrhythmia_00,360,MIT-Arrhythmia
311448,MIT-Arrhythmia_00,360,MIT-Arrhythmia
311737,MIT-Arrhythmia_00,360,MIT-Arrhythmia
312028,MIT-Arrhythmia_00,360,MIT-Arrhythmia
312298,MIT-Arrhythmia_00,360,MIT-Arrhythmia
312585,MIT-Arrhythmia_00,360,MIT-Arrhythmia
312918,MIT-Arrhythmia_00,360,MIT-Arrhythmia
313198,MIT-Arrhythmia_00,360,MIT-Arrhythmia
313492,MIT-Arrhythmia_00,360,MIT-Arrhythmia
313791,MIT-Arrhythmia_00,360,MIT-Arrhythmia
314078,MIT-Arrhythmia_00,360,MIT-Arrhythmia
314365,MIT-Arrhythmia_00,360,MIT-Arrhythmia
314643,MIT-Arrhythmia_00,360,MIT-Arrhythmia
314934,MIT-Arrhythmia_00,360,MIT-Arrhythmia
315234,MIT-Arrhythmia_00,360,MIT-Arrhythmia
315545,MIT-Arrhythmia_00,360,MIT-Arrhythmia
315833,MIT-Arrhythmia_00,360,MIT-Arrhythmia
316125,MIT-Arrhythmia_00,360,MIT-Arrhythmia
316417,MIT-Arrhythmia_00,360,MIT-Arrhythmia
316695,MIT-Arrhythmia_00,360,MIT-Arrhythmia
316975,MIT-Arrhythmia_00,360,MIT-Arrhythmia
317286,MIT-Arrhythmia_00,360,MIT-Arrhythmia
317587,MIT-Arrhythmia_00,360,MIT-Arrhythmia
317872,MIT-Arrhythmia_00,360,MIT-Arrhythmia
318168,MIT-Arrhythmia_00,360,MIT-Arrhythmia
318484,MIT-Arrhythmia_00,360,MIT-Arrhythmia
318748,MIT-Arrhythmia_00,360,MIT-Arrhythmia
319027,MIT-Arrhythmia_00,360,MIT-Arrhythmia
319326,MIT-Arrhythmia_00,360,MIT-Arrhythmia
319631,MIT-Arrhythmia_00,360,MIT-Arrhythmia
319927,MIT-Arrhythmia_00,360,MIT-Arrhythmia
320221,MIT-Arrhythmia_00,360,MIT-Arrhythmia
320510,MIT-Arrhythmia_00,360,MIT-Arrhythmia
320804,MIT-Arrhythmia_00,360,MIT-Arrhythmia
321098,MIT-Arrhythmia_00,360,MIT-Arrhythmia
321368,MIT-Arrhythmia_00,360,MIT-Arrhythmia
321674,MIT-Arrhythmia_00,360,MIT-Arrhythmia
321969,MIT-Arrhythmia_00,360,MIT-Arrhythmia
322269,MIT-Arrhythmia_00,360,MIT-Arrhythmia
322561,MIT-Arrhythmia_00,360,MIT-Arrhythmia
322851,MIT-Arrhythmia_00,360,MIT-Arrhythmia
323133,MIT-Arrhythmia_00,360,MIT-Arrhythmia
323426,MIT-Arrhythmia_00,360,MIT-Arrhythmia
323714,MIT-Arrhythmia_00,360,MIT-Arrhythmia
324012,MIT-Arrhythmia_00,360,MIT-Arrhythmia
324307,MIT-Arrhythmia_00,360,MIT-Arrhythmia
324603,MIT-Arrhythmia_00,360,MIT-Arrhythmia
324899,MIT-Arrhythmia_00,360,MIT-Arrhythmia
325179,MIT-Arrhythmia_00,360,MIT-Arrhythmia
325469,MIT-Arrhythmia_00,360,MIT-Arrhythmia
325769,MIT-Arrhythmia_00,360,MIT-Arrhythmia
326059,MIT-Arrhythmia_00,360,MIT-Arrhythmia
326354,MIT-Arrhythmia_00,360,MIT-Arrhythmia
326650,MIT-Arrhythmia_00,360,MIT-Arrhythmia
326945,MIT-Arrhythmia_00,360,MIT-Arrhythmia
327232,MIT-Arrhythmia_00,360,MIT-Arrhythmia
327508,MIT-Arrhythmia_00,360,MIT-Arrhythmia
327809,MIT-Arrhythmia_00,360,MIT-Arrhythmia
328115,MIT-Arrhythmia_00,360,MIT-Arrhythmia
328397,MIT-Arrhythmia_00,360,MIT-Arrhythmia
328698,MIT-Arrhythmia_00,360,MIT-Arrhythmia
328991,MIT-Arrhythmia_00,360,MIT-Arrhythmia
329283,MIT-Arrhythmia_00,360,MIT-Arrhythmia
329559,MIT-Arrhythmia_00,360,MIT-Arrhythmia
329844,MIT-Arrhythmia_00,360,MIT-Arrhythmia
330150,MIT-Arrhythmia_00,360,MIT-Arrhythmia
330459,MIT-Arrhythmia_00,360,MIT-Arrhythmia
330740,MIT-Arrhythmia_00,360,MIT-Arrhythmia
331038,MIT-Arrhythmia_00,360,MIT-Arrhythmia
331332,MIT-Arrhythmia_00,360,MIT-Arrhythmia
331612,MIT-Arrhythmia_00,360,MIT-Arrhythmia
331888,MIT-Arrhythmia_00,360,MIT-Arrhythmia
332189,MIT-Arrhythmia_00,360,MIT-Arrhythmia
332485,MIT-Arrhythmia_00,360,MIT-Arrhythmia
332780,MIT-Arrhythmia_00,360,MIT-Arrhythmia
333075,MIT-Arrhythmia_00,360,MIT-Arrhythmia
333358,MIT-Arrhythmia_00,360,MIT-Arrhythmia
333655,MIT-Arrhythmia_00,360,MIT-Arrhythmia
333933,MIT-Arrhythmia_00,360,MIT-Arrhythmia
334228,MIT-Arrhythmia_00,360,MIT-Arrhythmia
334525,MIT-Arrhythmia_00,360,MIT-Arrhythmia
334812,MIT-Arrhythmia_00,360,MIT-Arrhythmia
335114,MIT-Arrhythmia_00,360,MIT-Arrhythmia
335438,MIT-Arrhythmia_00,360,MIT-Arrhythmia
335708,MIT-Arrhythmia_00,360,MIT-Arrhythmia
335986,MIT-Arrhythmia_00,360,MIT-Arrhythmia
336269,MIT-Arrhythmia_00,360,MIT-Arrhythmia
336568,MIT-Arrhythmia_00,360,MIT-Arrhythmia
336862,MIT-Arrhythmia_00,360,MIT-Arrhythmia
337162,MIT-Arrhythmia_00,360,MIT-Arrhythmia
337453,MIT-Arrhythmia_00,360,MIT-Arrhythmia
337757,MIT-Arrhythmia_00,360,MIT-Arrhythmia
338057,MIT-Arrhythmia_00,360,MIT-Arrhythmia
338315,MIT-Arrhythmia_00,360,MIT-Arrhythmia
338614,MIT-Arrhythmia_00,360,MIT-Arrhythmia
338908,MIT-Arrhythmia_00,360,MIT-Arrhythmia
339204,MIT-Arrhythmia_00,360,MIT-Arrhythmia
339502,MIT-Arrhythmia_00,360,MIT-Arrhythmia
339803,MIT-Arrhythmia_00,360,MIT-Arrhythmia
340088,MIT-Arrhythmia_00,360,MIT-Arrhythmia
340364,MIT-Arrhythmia_00,360,MIT-Arrhythmia
340677,MIT-Arrhythmia_00,360,MIT-Arrhythmia
340957,MIT-Arrhythmia_00,360,MIT-Arrhythmia
341253,MIT-Arrhythmia_00,360,MIT-Arrhythmia
341554,MIT-Arrhythmia_00,360,MIT-Arrhythmia
341854,MIT-Arrhythmia_00,360,MIT-Arrhythmia
342145,MIT-Arrhythmia_00,360,MIT-Arrhythmia
342422,MIT-Arrhythmia_00,360,MIT-Arrhythmia
342709,MIT-Arrhythmia_00,360,MIT-Arrhythmia
343001,MIT-Arrhythmia_00,360,MIT-Arrhythmia
343314,MIT-Arrhythmia_00,360,MIT-Arrhythmia
343600,MIT-Arrhythmia_00,360,MIT-Arrhythmia
343900,MIT-Arrhythmia_00,360,MIT-Arrhythmia
344200,MIT-Arrhythmia_00,360,MIT-Arrhythmia
344479,MIT-Arrhythmia_00,360,MIT-Arrhythmia
344755,MIT-Arrhythmia_00,360,MIT-Arrhythmia
345056,MIT-Arrhythmia_00,360,MIT-Arrhythmia
345351,MIT-Arrhythmia_00,360,MIT-Arrhythmia
345646,MIT-Arrhythmia_00,360,MIT-Arrhythmia
345944,MIT-Arrhythmia_00,360,MIT-Arrhythmia
346247,MIT-Arrhythmia_00,360,MIT-Arrhythmia
346530,MIT-Arrhythmia_00,360,MIT-Arrhythmia
346806,MIT-Arrhythmia_00,360,MIT-Arrhythmia
347102,MIT-Arrhythmia_00,360,MIT-Arrhythmia
347395,MIT-Arrhythmia_00,360,MIT-Arrhythmia
347689,MIT-Arrhythmia_00,360,MIT-Arrhythmia
347994,MIT-Arrhythmia_00,360,MIT-Arrhythmia
348286,MIT-Arrhythmia_00,360,MIT-Arrhythmia
348581,MIT-Arrhythmia_00,360,MIT-Arrhythmia
348861,MIT-Arrhythmia_00,360,MIT-Arrhythmia
349146,MIT-Arrhythmia_00,360,MIT-Arrhythmia
349440,MIT-Arrhythmia_00,360,MIT-Arrhythmia
349734,MIT-Arrhythmia_00,360,MIT-Arrhythmia
350035,MIT-Arrhythmia_00,360,MIT-Arrhythmia
350336,MIT-Arrhythmia_00,360,MIT-Arrhythmia
350636,MIT-Arrhythmia_00,360,MIT-Arrhythmia
350916,MIT-Arrhythmia_00,360,MIT-Arrhythmia
351196,MIT-Arrhythmia_00,360,MIT-Arrhythmia
351490,MIT-Arrhythmia_00,360,MIT-Arrhythmia
351779,MIT-Arrhythmia_00,360,MIT-Arrhythmia
352075,MIT-Arrhythmia_00,360,MIT-Arrhythmia
352374,MIT-Arrhythmia_00,360,MIT-Arrhythmia
352676,MIT-Arrhythmia_00,360,MIT-Arrhythmia
352964,MIT-Arrhythmia_00,360,MIT-Arrhythmia
353239,MIT-Arrhythmia_00,360,MIT-Arrhythmia
353536,MIT-Arrhythmia_00,360,MIT-Arrhythmia
353827,MIT-Arrhythmia_00,360,MIT-Arrhythmia
354115,MIT-Arrhythmia_00,360,MIT-Arrhythmia
354416,MIT-Arrhythmia_00,360,MIT-Arrhythmia
354723,MIT-Arrhythmia_00,360,MIT-Arrhythmia
354993,MIT-Arrhythmia_00,360,MIT-Arrhythmia
355284,MIT-Arrhythmia_00,360,MIT-Arrhythmia
355571,MIT-Arrhythmia_00,360,MIT-Arrhythmia
355861,MIT-Arrhythmia_00,360,MIT-Arrhythmia
356153,MIT-Arrhythmia_00,360,MIT-Arrhythmia
356456,MIT-Arrhythmia_00,360,MIT-Arrhythmia
356755,MIT-Arrhythmia_00,360,MIT-Arrhythmia
357057,MIT-Arrhythmia_00,360,MIT-Arrhythmia
357337,MIT-Arrhythmia_00,360,MIT-Arrhythmia
357618,MIT-Arrhythmia_00,360,MIT-Arrhythmia
357900,MIT-Arrhythmia_00,360,MIT-Arrhythmia
358201,MIT-Arrhythmia_00,360,MIT-Arrhythmia
358525,MIT-Arrhythmia_00,360,MIT-Arrhythmia
358801,MIT-Arrhythmia_00,360,MIT-Arrhythmia
359107,MIT-Arrhythmia_00,360,MIT-Arrhythmia
359389,MIT-Arrhythmia_00,360,MIT-Arrhythmia
359666,MIT-Arrhythmia_00,360,MIT-Arrhythmia
359962,MIT-Arrhythmia_00,360,MIT-Arrhythmia
360247,MIT-Arrhythmia_00,360,MIT-Arrhythmia
360538,MIT-Arrhythmia_00,360,MIT-Arrhythmia
360810,MIT-Arrhythmia_00,360,MIT-Arrhythmia
361132,MIT-Arrhythmia_00,360,MIT-Arrhythmia
361421,MIT-Arrhythmia_00,360,MIT-Arrhythmia
361699,MIT-Arrhythmia_00,360,MIT-Arrhythmia
361992,MIT-Arrhythmia_00,360,MIT-Arrhythmia
362281,MIT-Arrhythmia_00,360,MIT-Arrhythmia
362566,MIT-Arrhythmia_00,360,MIT-Arrhythmia
362866,MIT-Arrhythmia_00,360,MIT-Arrhythmia
363169,MIT-Arrhythmia_00,360,MIT-Arrhythmia
363461,MIT-Arrhythmia_00,360,MIT-Arrhythmia
363752,MIT-Arrhythmia_00,360,MIT-Arrhythmia
364062,MIT-Arrhythmia_00,360,MIT-Arrhythmia
364326,MIT-Arrhythmia_00,360,MIT-Arrhythmia
364613,MIT-Arrhythmia_00,360,MIT-Arrhythmia
364913,MIT-Arrhythmia_00,360,MIT-Arrhythmia
365215,MIT-Arrhythmia_00,360,MIT-Arrhythmia
365525,MIT-Arrhythmia_00,360,MIT-Arrhythmia
365813,MIT-Arrhythmia_00,360,MIT-Arrhythmia
366089,MIT-Arrhythmia_00,360,MIT-Arrhythmia
366382,MIT-Arrhythmia_00,360,MIT-Arrhythmia
366666,MIT-Arrhythmia_00,360,MIT-Arrhythmia
366953,MIT-Arrhythmia_00,360,MIT-Arrhythmia
367257,MIT-Arrhythmia_00,360,MIT-Arrhythmia
367564,MIT-Arrhythmia_00,360,MIT-Arrhythmia
367857,MIT-Arrhythmia_00,360,MIT-Arrhythmia
368137,MIT-Arrhythmia_00,360,MIT-Arrhythmia
368431,MIT-Arrhythmia_00,360,MIT-Arrhythmia
368720,MIT-Arrhythmia_00,360,MIT-Arrhythmia
368999,MIT-Arrhythmia_00,360,MIT-Arrhythmia
369300,MIT-Arrhythmia_00,360,MIT-Arrhythmia
369606,MIT-Arrhythmia_00,360,MIT-Arrhythmia
369907,MIT-Arrhythmia_00,360,MIT-Arrhythmia
370191,MIT-Arrhythmia_00,360,MIT-Arrhythmia
370477,MIT-Arrhythmia_00,360,MIT-Arrhythmia
370765,MIT-Arrhythmia_00,360,MIT-Arrhythmia
371053,MIT-Arrhythmia_00,360,MIT-Arrhythmia
371347,MIT-Arrhythmia_00,360,MIT-Arrhythmia
371652,MIT-Arrhythmia_00,360,MIT-Arrhythmia
371958,MIT-Arrhythmia_00,360,MIT-Arrhythmia
372245,MIT-Arrhythmia_00,360,MIT-Arrhythmia
372526,MIT-Arrhythmia_00,360,MIT-Arrhythmia
372819,MIT-Arrhythmia_00,360,MIT-Arrhythmia
373104,MIT-Arrhythmia_00,360,MIT-Arrhythmia
373395,MIT-Arrhythmia_00,360,MIT-Arrhythmia
373719,MIT-Arrhythmia_00,360,MIT-Arrhythmia
374005,MIT-Arrhythmia_00,360,MIT-Arrhythmia
374298,MIT-Arrhythmia_00,360,MIT-Arrhythmia
374576,MIT-Arrhythmia_00,360,MIT-Arrhythmia
374873,MIT-Arrhythmia_00,360,MIT-Arrhythmia
375158,MIT-Arrhythmia_00,360,MIT-Arrhythmia
375439,MIT-Arrhythmia_00,360,MIT-Arrhythmia
375724,MIT-Arrhythmia_00,360,MIT-Arrhythmia
376043,MIT-Arrhythmia_00,360,MIT-Arrhythmia
376340,MIT-Arrhythmia_00,360,MIT-Arrhythmia
376627,MIT-Arrhythmia_00,360,MIT-Arrhythmia
376918,MIT-Arrhythmia_00,360,MIT-Arrhythmia
377204,MIT-Arrhythmia_00,360,MIT-Arrhythmia
377488,MIT-Arrhythmia_00,360,MIT-Arrhythmia
377785,MIT-Arrhythmia_00,360,MIT-Arrhythmia
378086,MIT-Arrhythmia_00,360,MIT-Arrhythmia
378378,MIT-Arrhythmia_00,360,MIT-Arrhythmia
378673,MIT-Arrhythmia_00,360,MIT-Arrhythmia
378981,MIT-Arrhythmia_00,360,MIT-Arrhythmia
379253,MIT-Arrhythmia_00,360,MIT-Arrhythmia
379531,MIT-Arrhythmia_00,360,MIT-Arrhythmia
379822,MIT-Arrhythmia_00,360,MIT-Arrhythmia
380123,MIT-Arrhythmia_00,360,MIT-Arrhythmia
380434,MIT-Arrhythmia_00,360,MIT-Arrhythmia
380730,MIT-Arrhythmia_00,360,MIT-Arrhythmia
381011,MIT-Arrhythmia_00,360,MIT-Arrhythmia
381286,MIT-Arrhythmia_00,360,MIT-Arrhythmia
381593,MIT-Arrhythmia_00,360,MIT-Arrhythmia
381859,MIT-Arrhythmia_00,360,MIT-Arrhythmia
382156,MIT-Arrhythmia_00,360,MIT-Arrhythmia
382466,MIT-Arrhythmia_00,360,MIT-Arrhythmia
382766,MIT-Arrhythmia_00,360,MIT-Arrhythmia
383049,MIT-Arrhythmia_00,360,MIT-Arrhythmia
383343,MIT-Arrhythmia_00,360,MIT-Arrhythmia
383628,MIT-Arrhythmia_00,360,MIT-Arrhythmia
383891,MIT-Arrhythmia_00,360,MIT-Arrhythmia
384194,MIT-Arrhythmia_00,360,MIT-Arrhythmia
384524,MIT-Arrhythmia_00,360,MIT-Arrhythmia
384805,MIT-Arrhythmia_00,360,MIT-Arrhythmia
385097,MIT-Arrhythmia_00,360,MIT-Arrhythmia
385386,MIT-Arrhythmia_00,360,MIT-Arrhythmia
385673,MIT-Arrhythmia_00,360,MIT-Arrhythmia
385954,MIT-Arrhythmia_00,360,MIT-Arrhythmia
386247,MIT-Arrhythmia_00,360,MIT-Arrhythmia
386546,MIT-Arrhythmia_00,360,MIT-Arrhythmia
386861,MIT-Arrhythmia_00,360,MIT-Arrhythmia
387147,MIT-Arrhythmia_00,360,MIT-Arrhythmia
387432,MIT-Arrhythmia_00,360,MIT-Arrhythmia
387726,MIT-Arrhythmia_00,360,MIT-Arrhythmia
388007,MIT-Arrhythmia_00,360,MIT-Arrhythmia
388286,MIT-Arrhythmia_00,360,MIT-Arrhythmia
388584,MIT-Arrhythmia_00,360,MIT-Arrhythmia
388895,MIT-Arrhythmia_00,360,MIT-Arrhythmia
389199,MIT-Arrhythmia_00,360,MIT-Arrhythmia
389480,MIT-Arrhythmia_00,360,MIT-Arrhythmia
389779,MIT-Arrhythmia_00,360,MIT-Arrhythmia
390063,MIT-Arrhythmia_00,360,MIT-Arrhythmia
390339,MIT-Arrhythmia_00,360,MIT-Arrhythmia
390627,MIT-Arrhythmia_00,360,MIT-Arrhythmia
390933,MIT-Arrhythmia_00,360,MIT-Arrhythmia
391238,MIT-Arrhythmia_00,360,MIT-Arrhythmia
391532,MIT-Arrhythmia_00,360,MIT-Arrhythmia
391820,MIT-Arrhythmia_00,360,MIT-Arrhythmia
392107,MIT-Arrhythmia_00,360,MIT-Arrhythmia
392385,MIT-Arrhythmia_00,360,MIT-Arrhythmia
392676,MIT-Arrhythmia_00,360,MIT-Arrhythmia
392974,MIT-Arrhythmia_00,360,MIT-Arrhythmia
393282,MIT-Arrhythmia_00,360,MIT-Arrhythmia
393582,MIT-Arrhythmia_00,360,MIT-Arrhythmia
393889,MIT-Arrhythmia_00,360,MIT-Arrhythmia
394160,MIT-Arrhythmia_00,360,MIT-Arrhythmia
394439,MIT-Arrhythmia_00,360,MIT-Arrhythmia
394723,MIT-Arrhythmia_00,360,MIT-Arrhythmia
395017,MIT-Arrhythmia_00,360,MIT-Arrhythmia
395331,MIT-Arrhythmia_00,360,MIT-Arrhythmia
395629,MIT-Arrhythmia_00,360,MIT-Arrhythmia
395911,MIT-Arrhythmia_00,360,MIT-Arrhythmia
396222,MIT-Arrhythmia_00,360,MIT-Arrhythmia
396494,MIT-Arrhythmia_00,360,MIT-Arrhythmia
396769,MIT-Arrhythmia_00,360,MIT-Arrhythmia
397061,MIT-Arrhythmia_00,360,MIT-Arrhythmia
397367,MIT-Arrhythmia_00,360,MIT-Arrhythmia
397670,MIT-Arrhythmia_00,360,MIT-Arrhythmia
397964,MIT-Arrhythmia_00,360,MIT-Arrhythmia
398262,MIT-Arrhythmia_00,360,MIT-Arrhythmia
398549,MIT-Arrhythmia_00,360,MIT-Arrhythmia
398840,MIT-Arrhythmia_00,360,MIT-Arrhythmia
399108,MIT-Arrhythmia_00,360,MIT-Arrhythmia
399407,MIT-Arrhythmia_00,360,MIT-Arrhythmia
399714,MIT-Arrhythmia_00,360,MIT-Arrhythmia
400009,MIT-Arrhythmia_00,360,MIT-Arrhythmia
400306,MIT-Arrhythmia_00,360,MIT-Arrhythmia
400596,MIT-Arrhythmia_00,360,MIT-Arrhythmia
400874,MIT-Arrhythmia_00,360,MIT-Arrhythmia
401149,MIT-Arrhythmia_00,360,MIT-Arrhythmia
401460,MIT-Arrhythmia_00,360,MIT-Arrhythmia
401764,MIT-Arrhythmia_00,360,MIT-Arrhythmia
402064,MIT-Arrhythmia_00,360,MIT-Arrhythmia
402353,MIT-Arrhythmia_00,360,MIT-Arrhythmia
402651,MIT-Arrhythmia_00,360,MIT-Arrhythmia
402934,MIT-Arrhythmia_00,360,MIT-Arrhythmia
403208,MIT-Arrhythmia_00,360,MIT-Arrhythmia
403496,MIT-Arrhythmia_00,360,MIT-Arrhythmia
403806,MIT-Arrhythmia_00,360,MIT-Arrhythmia
404091,MIT-Arrhythmia_00,360,MIT-Arrhythmia
404397,MIT-Arrhythmia_00,360,MIT-Arrhythmia
404699,MIT-Arrhythmia_00,360,MIT-Arrhythmia
404985,MIT-Arrhythmia_00,360,MIT-Arrhythmia
405259,MIT-Arrhythmia_00,360,MIT-Arrhythmia
405545,MIT-Arrhythmia_00,360,MIT-Arrhythmia
405843,MIT-Arrhythmia_00,360,MIT-Arrhythmia
406147,MIT-Arrhythmia_00,360,MIT-Arrhythmia
406442,MIT-Arrhythmia_00,360,MIT-Arrhythmia
406741,MIT-Arrhythmia_00,360,MIT-Arrhythmia
407030,MIT-Arrhythmia_00,360,MIT-Arrhythmia
407327,MIT-Arrhythmia_00,360,MIT-Arrhythmia
407592,MIT-Arrhythmia_00,360,MIT-Arrhythmia
407884,MIT-Arrhythmia_00,360,MIT-Arrhythmia
408194,MIT-Arrhythmia_00,360,MIT-Arrhythmia
408491,MIT-Arrhythmia_00,360,MIT-Arrhythmia
408788,MIT-Arrhythmia_00,360,MIT-Arrhythmia
409085,MIT-Arrhythmia_00,360,MIT-Arrhythmia
409360,MIT-Arrhythmia_00,360,MIT-Arrhythmia
409637,MIT-Arrhythmia_00,360,MIT-Arrhythmia
409928,MIT-Arrhythmia_00,360,MIT-Arrhythmia
410238,MIT-Arrhythmia_00,360,MIT-Arrhythmia
410540,MIT-Arrhythmia_00,360,MIT-Arrhythmia
410832,MIT-Arrhythmia_00,360,MIT-Arrhythmia
411136,MIT-Arrhythmia_00,360,MIT-Arrhythmia
411421,MIT-Arrhythmia_00,360,MIT-Arrhythmia
411692,MIT-Arrhythmia_00,360,MIT-Arrhythmia
411985,MIT-Arrhythmia_00,360,MIT-Arrhythmia
412302,MIT-Arrhythmia_00,360,MIT-Arrhythmia
412581,MIT-Arrhythmia_00,360,MIT-Arrhythmia
412874,MIT-Arrhythmia_00,360,MIT-Arrhythmia
413181,MIT-Arrhythmia_00,360,MIT-Arrhythmia
413469,MIT-Arrhythmia_00,360,MIT-Arrhythmia
413744,MIT-Arrhythmia_00,360,MIT-Arrhythmia
414028,MIT-Arrhythmia_00,360,MIT-Arrhythmia
414329,MIT-Arrhythmia_00,360,MIT-Arrhythmia
414620,MIT-Arrhythmia_00,360,MIT-Arrhythmia
414920,MIT-Arrhythmia_00,360,MIT-Arrhythmia
415220,MIT-Arrhythmia_00,360,MIT-Arrhythmia
415514,MIT-Arrhythmia_00,360,MIT-Arrhythmia
415793,MIT-Arrhythmia_00,360,MIT-Arrhythmia
416077,MIT-Arrhythmia_00,360,MIT-Arrhythmia
416369,MIT-Arrhythmia_00,360,MIT-Arrhythmia
416670,MIT-Arrhythmia_00,360,MIT-Arrhythmia
416968,MIT-Arrhythmia_00,360,MIT-Arrhythmia
417265,MIT-Arrhythmia_00,360,MIT-Arrhythmia
417570,MIT-Arrhythmia_00,360,MIT-Arrhythmia
417852,MIT-Arrhythmia_00,360,MIT-Arrhythmia
418127,MIT-Arrhythmia_00,360,MIT-Arrhythmia
418412,MIT-Arrhythmia_00,360,MIT-Arrhythmia
418707,MIT-Arrhythmia_00,360,MIT-Arrhythmia
419006,MIT-Arrhythmia_00,360,MIT-Arrhythmia
419304,MIT-Arrhythmia_00,360,MIT-Arrhythmia
419617,MIT-Arrhythmia_00,360,MIT-Arrhythmia
419906,MIT-Arrhythmia_00,360,MIT-Arrhythmia
420179,MIT-Arrhythmia_00,360,MIT-Arrhythmia
420459,MIT-Arrhythmia_00,360,MIT-Arrhythmia
420755,MIT-Arrhythmia_00,360,MIT-Arrhythmia
421055,MIT-Arrhythmia_00,360,MIT-Arrhythmia
421334,MIT-Arrhythmia_00,360,MIT-Arrhythmia
421658,MIT-Arrhythmia_00,360,MIT-Arrhythmia
421970,MIT-Arrhythmia_00,360,MIT-Arrhythmia
422226,MIT-Arrhythmia_00,360,MIT-Arrhythmia
422511,MIT-Arrhythmia_00,360,MIT-Arrhythmia
422794,MIT-Arrhythmia_00,360,MIT-Arrhythmia
423095,MIT-Arrhythmia_00,360,MIT-Arrhythmia
423396,MIT-Arrhythmia_00,360,MIT-Arrhythmia
423695,MIT-Arrhythmia_00,360,MIT-Arrhythmia
423997,MIT-Arrhythmia_00,360,MIT-Arrhythmia
424261,MIT-Arrhythmia_00,360,MIT-Arrhythmia
424558,MIT-Arrhythmia_00,360,MIT-Arrhythmia
424835,MIT-Arrhythmia_00,360,MIT-Arrhythmia
425139,MIT-Arrhythmia_00,360,MIT-Arrhythmia
425437,MIT-Arrhythmia_00,360,MIT-Arrhythmia
425732,MIT-Arrhythmia_00,360,MIT-Arrhythmia
426044,MIT-Arrhythmia_00,360,MIT-Arrhythmia
426329,MIT-Arrhythmia_00,360,MIT-Arrhythmia
426602,MIT-Arrhythmia_00,360,MIT-Arrhythmia
426872,MIT-Arrhythmia_00,360,MIT-Arrhythmia
427179,MIT-Arrhythmia_00,360,MIT-Arrhythmia
427473,MIT-Arrhythmia_00,360,MIT-Arrhythmia
427772,MIT-Arrhythmia_00,360,MIT-Arrhythmia
428080,MIT-Arrhythmia_00,360,MIT-Arrhythmia
428377,MIT-Arrhythmia_00,360,MIT-Arrhythmia
428655,MIT-Arrhythmia_00,360,MIT-Arrhythmia
428937,MIT-Arrhythmia_00,360,MIT-Arrhythmia
429224,MIT-Arrhythmia_00,360,MIT-Arrhythmia
429522,MIT-Arrhythmia_00,360,MIT-Arrhythmia
429821,MIT-Arrhythmia_00,360,MIT-Arrhythmia
430122,MIT-Arrhythmia_00,360,MIT-Arrhythmia
430426,MIT-Arrhythmia_00,360,MIT-Arrhythmia
430706,MIT-Arrhythmia_00,360,MIT-Arrhythmia
430990,MIT-Arrhythmia_00,360,MIT-Arrhythmia
431274,MIT-Arrhythmia_00,360,MIT-Arrhythmia
431571,MIT-Arrhythmia_00,360,MIT-Arrhythmia
431868,MIT-Arrhythmia_00,360,MIT-Arrhythmia
432180,MIT-Arrhythmia_00,360,MIT-Arrhythmia
432474,MIT-Arrhythmia_00,360,MIT-Arrhythmia
432767,MIT-Arrhythmia_00,360,MIT-Arrhythmia
433041,MIT-Arrhythmia_00,360,MIT-Arrhythmia
433323,MIT-Arrhythmia_00,360,MIT-Arrhythmia
433618,MIT-Arrhythmia_00,360,MIT-Arrhythmia
433912,MIT-Arrhythmia_00,360,MIT-Arrhythmia
434213,MIT-Arrhythmia_00,360,MIT-Arrhythmia
434537,MIT-Arrhythmia_00,360,MIT-Arrhythmia
434818,MIT-Arrhythmia_00,360,MIT-Arrhythmia
435095,MIT-Arrhythmia_00,360,MIT-Arrhythmia
435375,MIT-Arrhythmia_00,360,MIT-Arrhythmia
435661,MIT-Arrhythmia_00,360,MIT-Arrhythmia
435956,MIT-Arrhythmia_00,360,MIT-Arrhythmia
436252,MIT-Arrhythmia_00,360,MIT-Arrhythmia
436569,MIT-Arrhythmia_00,360,MIT-Arrhythmia
436862,MIT-Arrhythmia_00,360,MIT-Arrhythmia
437149,MIT-Arrhythmia_00,360,MIT-Arrhythmia
437431,MIT-Arrhythmia_00,360,MIT-Arrhythmia
437713,MIT-Arrhythmia_00,360,MIT-Arrhythmia
438008,MIT-Arrhythmia_00,360,MIT-Arrhythmia
438301,MIT-Arrhythmia_00,360,MIT-Arrhythmia
438603,MIT-Arrhythmia_00,360,MIT-Arrhythmia
438921,MIT-Arrhythmia_00,360,MIT-Arrhythmia
439196,MIT-Arrhythmia_00,360,MIT-Arrhythmia
439479,MIT-Arrhythmia_00,360,MIT-Arrhythmia
439760,MIT-Arrhythmia_00,360,MIT-Arrhythmia
440055,MIT-Arrhythmia_00,360,MIT-Arrhythmia
440349,MIT-Arrhythmia_00,360,MIT-Arrhythmia
440644,MIT-Arrhythmia_00,360,MIT-Arrhythmia
440958,MIT-Arrhythmia_00,360,MIT-Arrhythmia
441254,MIT-Arrhythmia_00,360,MIT-Arrhythmia
441528,MIT-Arrhythmia_00,360,MIT-Arrhythmia
441809,MIT-Arrhythmia_00,360,MIT-Arrhythmia
442101,MIT-Arrhythmia_00,360,MIT-Arrhythmia
442390,MIT-Arrhythmia_00,360,MIT-Arrhythmia
442683,MIT-Arrhythmia_00,360,MIT-Arrhythmia
442997,MIT-Arrhythmia_00,360,MIT-Arrhythmia
443297,MIT-Arrhythmia_00,360,MIT-Arrhythmia
443562,MIT-Arrhythmia_00,360,MIT-Arrhythmia
443871,MIT-Arrhythmia_00,360,MIT-Arrhythmia
444138,MIT-Arrhythmia_00,360,MIT-Arrhythmia
444431,MIT-Arrhythmia_00,360,MIT-Arrhythmia
444724,MIT-Arrhythmia_00,360,MIT-Arrhythmia
445030,MIT-Arrhythmia_00,360,MIT-Arrhythmia
445336,MIT-Arrhythmia_00,360,MIT-Arrhythmia
445626,MIT-Arrhythmia_00,360,MIT-Arrhythmia
445911,MIT-Arrhythmia_00,360,MIT-Arrhythmia
446179,MIT-Arrhythmia_00,360,MIT-Arrhythmia
446484,MIT-Arrhythmia_00,360,MIT-Arrhythmia
446767,MIT-Arrhythmia_00,360,MIT-Arrhythmia
447066,MIT-Arrhythmia_00,360,MIT-Arrhythmia
447379,MIT-Arrhythmia_00,360,MIT-Arrhythmia
447673,MIT-Arrhythmia_00,360,MIT-Arrhythmia
447956,MIT-Arrhythmia_00,360,MIT-Arrhythmia
448238,MIT-Arrhythmia_00,360,MIT-Arrhythmia
448528,MIT-Arrhythmia_00,360,MIT-Arrhythmia
448816,MIT-Arrhythmia_00,360,MIT-Arrhythmia
449105,MIT-Arrhythmia_00,360,MIT-Arrhythmia
449441,MIT-Arrhythmia_00,360,MIT-Arrhythmia
449723,MIT-Arrhythmia_00,360,MIT-Arrhythmia
450006,MIT-Arrhythmia_00,360,MIT-Arrhythmia
450287,MIT-Arrhythmia_00,360,MIT-Arrhythmia
450575,MIT-Arrhythmia_00,360,MIT-Arrhythmia
450859,MIT-Arrhythmia_00,360,MIT-Arrhythmia
451147,MIT-Arrhythmia_00,360,MIT-Arrhythmia
451461,MIT-Arrhythmia_00,360,MIT-Arrhythmia
451753,MIT-Arrhythmia_00,360,MIT-Arrhythmia
452059,MIT-Arrhythmia_00,360,MIT-Arrhythmia
452339,MIT-Arrhythmia_00,360,MIT-Arrhythmia
452622,MIT-Arrhythmia_00,360,MIT-Arrhythmia
452911,MIT-Arrhythmia_00,360,MIT-Arrhythmia
453200,MIT-Arrhythmia_00,360,MIT-Arrhythmia
453500,MIT-Arrhythmia_00,360,MIT-Arrhythmia
453809,MIT-Arrhythmia_00,360,MIT-Arrhythmia
454103,MIT-Arrhythmia_00,360,MIT-Arrhythmia
454393,MIT-Arrhythmia_00,360,MIT-Arrhythmia
454693,MIT-Arrhythmia_00,360,MIT-Arrhythmia
454966,MIT-Arrhythmia_00,360,MIT-Arrhythmia
455249,MIT-Arrhythmia_00,360,MIT-Arrhythmia
455542,MIT-Arrhythmia_00,360,MIT-Arrhythmia
455858,MIT-Arrhythmia_00,360,MIT-Arrhythmia
456154,MIT-Arrhythmia_00,360,MIT-Arrhythmia
456440,MIT-Arrhythmia_00,360,MIT-Arrhythmia
456724,MIT-Arrhythmia_00,360,MIT-Arrhythmia
457022,MIT-Arrhythmia_00,360,MIT-Arrhythmia
457298,MIT-Arrhythmia_00,360,MIT-Arrhythmia
457584,MIT-Arrhythmia_00,360,MIT-Arrhythmia
457898,MIT-Arrhythmia_00,360,MIT-Arrhythmia
458199,MIT-Arrhythmia_00,360,MIT-Arrhythmia
458487,MIT-Arrhythmia_00,360,MIT-Arrhythmia
458772,MIT-Arrhythmia_00,360,MIT-Arrhythmia
459062,MIT-Arrhythmia_00,360,MIT-Arrhythmia
459358,MIT-Arrhythmia_00,360,MIT-Arrhythmia
459629,MIT-Arrhythmia_00,360,MIT-Arrhythmia
459936,MIT-Arrhythmia_00,360,MIT-Arrhythmia
460243,MIT-Arrhythmia_00,360,MIT-Arrhythmia
460539,MIT-Arrhythmia_00,360,MIT-Arrhythmia
460833,MIT-Arrhythmia_00,360,MIT-Arrhythmia
461115,MIT-Arrhythmia_00,360,MIT-Arrhythmia
461409,MIT-Arrhythmia_00,360,MIT-Arrhythmia
461684,MIT-Arrhythmia_00,360,MIT-Arrhythmia
461978,MIT-Arrhythmia_00,360,MIT-Arrhythmia
462293,MIT-Arrhythmia_00,360,MIT-Arrhythmia
462590,MIT-Arrhythmia_00,360,MIT-Arrhythmia
462879,MIT-Arrhythmia_00,360,MIT-Arrhythmia
463164,MIT-Arrhythmia_00,360,MIT-Arrhythmia
463456,MIT-Arrhythmia_00,360,MIT-Arrhythmia
463738,MIT-Arrhythmia_00,360,MIT-Arrhythmia
464021,MIT-Arrhythmia_00,360,MIT-Arrhythmia
464340,MIT-Arrhythmia_00,360,MIT-Arrhythmia
464642,MIT-Arrhythmia_00,360,MIT-Arrhythmia
464931,MIT-Arrhythmia_00,360,MIT-Arrhythmia
465217,MIT-Arrhythmia_00,360,MIT-Arrhythmia
465503,MIT-Arrhythmia_00,360,MIT-Arrhythmia
465788,MIT-Arrhythmia_00,360,MIT-Arrhythmia
466051,MIT-Arrhythmia_00,360,MIT-Arrhythmia
466384,MIT-Arrhythmia_00,360,MIT-Arrhythmia
466675,MIT-Arrhythmia_00,360,MIT-Arrhythmia
466971,MIT-Arrhythmia_00,360,MIT-Arrhythmia
467263,MIT-Arrhythmia_00,360,MIT-Arrhythmia
467547,MIT-Arrhythmia_00,360,MIT-Arrhythmia
467833,MIT-Arrhythmia_00,360,MIT-Arrhythmia
468116,MIT-Arrhythmia_00,360,MIT-Arrhythmia
468412,MIT-Arrhythmia_00,360,MIT-Arrhythmia
468698,MIT-Arrhythmia_00,360,MIT-Arrhythmia
469008,MIT-Arrhythmia_00,360,MIT-Arrhythmia
469300,MIT-Arrhythmia_00,360,MIT-Arrhythmia
469587,MIT-Arrhythmia_00,360,MIT-Arrhythmia
469878,MIT-Arrhythmia_00,360,MIT-Arrhythmia
470159,MIT-Arrhythmia_00,360,MIT-Arrhythmia
470443,MIT-Arrhythmia_00,360,MIT-Arrhythmia
470755,MIT-Arrhythmia_00,360,MIT-Arrhythmia
471054,MIT-Arrhythmia_00,360,MIT-Arrhythmia
471342,MIT-Arrhythmia_00,360,MIT-Arrhythmia
471610,MIT-Arrhythmia_00,360,MIT-Arrhythmia
471927,MIT-Arrhythmia_00,360,MIT-Arrhythmia
472194,MIT-Arrhythmia_00,360,MIT-Arrhythmia
472475,MIT-Arrhythmia_00,360,MIT-Arrhythmia
472784,MIT-Arrhythmia_00,360,MIT-Arrhythmia
473085,MIT-Arrhythmia_00,360,MIT-Arrhythmia
473378,MIT-Arrhythmia_00,360,MIT-Arrhythmia
473670,MIT-Arrhythmia_00,360,MIT-Arrhythmia
473959,MIT-Arrhythmia_00,360,MIT-Arrhythmia
474231,MIT-Arrhythmia_00,360,MIT-Arrhythmia
474514,MIT-Arrhythmia_00,360,MIT-Arrhythmia
474816,MIT-Arrhythmia_00,360,MIT-Arrhythmia
475123,MIT-Arrhythmia_00,360,MIT-Arrhythmia
475421,MIT-Arrhythmia_00,360,MIT-Arrhythmia
475720,MIT-Arrhythmia_00,360,MIT-Arrhythmia
476008,MIT-Arrhythmia_00,360,MIT-Arrhythmia
476297,MIT-Arrhythmia_00,360,MIT-Arrhythmia
476575,MIT-Arrhythmia_00,360,MIT-Arrhythmia
476860,MIT-Arrhythmia_00,360,MIT-Arrhythmia
477179,MIT-Arrhythmia_00,360,MIT-Arrhythmia
477466,MIT-Arrhythmia_00,360,MIT-Arrhythmia
477764,MIT-Arrhythmia_00,360,MIT-Arrhythmia
478055,MIT-Arrhythmia_00,360,MIT-Arrhythmia
478347,MIT-Arrhythmia_00,360,MIT-Arrhythmia
478627,MIT-Arrhythmia_00,360,MIT-Arrhythmia
478905,MIT-Arrhythmia_00,360,MIT-Arrhythmia
479214,MIT-Arrhythmia_00,360,MIT-Arrhythmia
479512,MIT-Arrhythmia_00,360,MIT-Arrhythmia
479804,MIT-Arrhythmia_00,360,MIT-Arrhythmia
480102,MIT-Arrhythmia_00,360,MIT-Arrhythmia
480396,MIT-Arrhythmia_00,360,MIT-Arrhythmia
480676,MIT-Arrhythmia_00,360,MIT-Arrhythmia
480954,MIT-Arrhythmia_00,360,MIT-Arrhythmia
481257,MIT-Arrhythmia_00,360,MIT-Arrhythmia
481557,MIT-Arrhythmia_00,360,MIT-Arrhythmia
481862,MIT-Arrhythmia_00,360,MIT-Arrhythmia
482146,MIT-Arrhythmia_00,360,MIT-Arrhythmia
482439,MIT-Arrhythmia_00,360,MIT-Arrhythmia
482727,MIT-Arrhythmia_00,360,MIT-Arrhythmia
483006,MIT-Arrhythmia_00,360,MIT-Arrhythmia
483296,MIT-Arrhythmia_00,360,MIT-Arrhythmia
483599,MIT-Arrhythmia_00,360,MIT-Arrhythmia
483905,MIT-Arrhythmia_00,360,MIT-Arrhythmia
484208,MIT-Arrhythmia_00,360,MIT-Arrhythmia
484492,MIT-Arrhythmia_00,360,MIT-Arrhythmia
484785,MIT-Arrhythmia_00,360,MIT-Arrhythmia
485063,MIT-Arrhythmia_00,360,MIT-Arrhythmia
485346,MIT-Arrhythmia_00,360,MIT-Arrhythmia
485646,MIT-Arrhythmia_00,360,MIT-Arrhythmia
485941,MIT-Arrhythmia_00,360,MIT-Arrhythmia
486244,MIT-Arrhythmia_00,360,MIT-Arrhythmia
486534,MIT-Arrhythmia_00,360,MIT-Arrhythmia
486831,MIT-Arrhythmia_00,360,MIT-Arrhythmia
487113,MIT-Arrhythmia_00,360,MIT-Arrhythmia
487389,MIT-Arrhythmia_00,360,MIT-Arrhythmia
487691,MIT-Arrhythmia_00,360,MIT-Arrhythmia
487989,MIT-Arrhythmia_00,360,MIT-Arrhythmia
488282,MIT-Arrhythmia_00,360,MIT-Arrhythmia
488573,MIT-Arrhythmia_00,360,MIT-Arrhythmia
488896,MIT-Arrhythmia_00,360,MIT-Arrhythmia
489165,MIT-Arrhythmia_00,360,MIT-Arrhythmia
489443,MIT-Arrhythmia_00,360,MIT-Arrhythmia
489738,MIT-Arrhythmia_00,360,MIT-Arrhythmia
490035,MIT-Arrhythmia_00,360,MIT-Arrhythmia
490332,MIT-Arrhythmia_00,360,MIT-Arrhythmia
490633,MIT-Arrhythmia_00,360,MIT-Arrhythmia
490904,MIT-Arrhythmia_00,360,MIT-Arrhythmia
491211,MIT-Arrhythmia_00,360,MIT-Arrhythmia
491484,MIT-Arrhythmia_00,360,MIT-Arrhythmia
491769,MIT-Arrhythmia_00,360,MIT-Arrhythmia
492071,MIT-Arrhythmia_00,360,MIT-Arrhythmia
492364,MIT-Arrhythmia_00,360,MIT-Arrhythmia
492665,MIT-Arrhythmia_00,360,MIT-Arrhythmia
492965,MIT-Arrhythmia_00,360,MIT-Arrhythmia
493263,MIT-Arrhythmia_00,360,MIT-Arrhythmia
493541,MIT-Arrhythmia_00,360,MIT-Arrhythmia
493798,MIT-Arrhythmia_00,360,MIT-Arrhythmia
494114,MIT-Arrhythmia_00,360,MIT-Arrhythmia
494405,MIT-Arrhythmia_00,360,MIT-Arrhythmia
494700,MIT-Arrhythmia_00,360,MIT-Arrhythmia
494999,MIT-Arrhythmia_00,360,MIT-Arrhythmia
495298,MIT-Arrhythmia_00,360,MIT-Arrhythmia
495585,MIT-Arrhythmia_00,360,MIT-Arrhythmia
495860,MIT-Arrhythmia_00,360,MIT-Arrhythmia
496157,MIT-Arrhythmia_00,360,MIT-Arrhythmia
496453,MIT-Arrhythmia_00,360,MIT-Arrhythmia
496725,MIT-Arrhythmia_00,360,MIT-Arrhythmia
497047,MIT-Arrhythmia_00,360,MIT-Arrhythmia
497336,MIT-Arrhythmia_00,360,MIT-Arrhythmia
497629,MIT-Arrhythmia_00,360,MIT-Arrhythmia
497909,MIT-Arrhythmia_00,360,MIT-Arrhythmia
498194,MIT-Arrhythmia_00,360,MIT-Arrhythmia
498486,MIT-Arrhythmia_00,360,MIT-Arrhythmia
498780,MIT-Arrhythmia_00,360,MIT-Arrhythmia
499083,MIT-Arrhythmia_00,360,MIT-Arrhythmia
499375,MIT-Arrhythmia_00,360,MIT-Arrhythmia
499681,MIT-Arrhythmia_00,360,MIT-Arrhythmia
499984,MIT-Arrhythmia_00,360,MIT-Arrhythmia
500241,MIT-Arrhythmia_00,360,MIT-Arrhythmia
500537,MIT-Arrhythmia_00,360,MIT-Arrhythmia
500828,MIT-Arrhythmia_00,360,MIT-Arrhythmia
501123,MIT-Arrhythmia_00,360,MIT-Arrhythmia
501426,MIT-Arrhythmia_00,360,MIT-Arrhythmia
501730,MIT-Arrhythmia_00,360,MIT-Arrhythmia
502012,MIT-Arrhythmia_00,360,MIT-Arrhythmia
502292,MIT-Arrhythmia_00,360,MIT-Arrhythmia
502606,MIT-Arrhythmia_00,360,MIT-Arrhythmia
502872,MIT-Arrhythmia_00,360,MIT-Arrhythmia
503163,MIT-Arrhythmia_00,360,MIT-Arrhythmia
503464,MIT-Arrhythmia_00,360,MIT-Arrhythmia
503771,MIT-Arrhythmia_00,360,MIT-Arrhythmia
504063,MIT-Arrhythmia_00,360,MIT-Arrhythmia
504340,MIT-Arrhythmia_00,360,MIT-Arrhythmia
504634,MIT-Arrhythmia_00,360,MIT-Arrhythmia
504939,MIT-Arrhythmia_00,360,MIT-Arrhythmia
505213,MIT-Arrhythmia_00,360,MIT-Arrhythmia
505513,MIT-Arrhythmia_00,360,MIT-Arrhythmia
505816,MIT-Arrhythmia_00,360,MIT-Arrhythmia
506113,MIT-Arrhythmia_00,360,MIT-Arrhythmia
506392,MIT-Arrhythmia_00,360,MIT-Arrhythmia
506678,MIT-Arrhythmia_00,360,MIT-Arrhythmia
506967,MIT-Arrhythmia_00,360,MIT-Arrhythmia
507257,MIT-Arrhythmia_00,360,MIT-Arrhythmia
507558,MIT-Arrhythmia_00,360,MIT-Arrhythmia
507859,MIT-Arrhythmia_00,360,MIT-Arrhythmia
508166,MIT-Arrhythmia_00,360,MIT-Arrhythmia
508446,MIT-Arrhythmia_00,360,MIT-Arrhythmia
508725,MIT-Arrhythmia_00,360,MIT-Arrhythmia
509021,MIT-Arrhythmia_00,360,MIT-Arrhythmia
509305,MIT-Arrhythmia_00,360,MIT-Arrhythmia
509599,MIT-Arrhythmia_00,360,MIT-Arrhythmia
509922,MIT-Arrhythmia_00,360,MIT-Arrhythmia
510208,MIT-Arrhythmia_00,360,MIT-Arrhythmia
510495,MIT-Arrhythmia_00,360,MIT-Arrhythmia
510773,MIT-Arrhythmia_00,360,MIT-Arrhythmia
511069,MIT-Arrhythmia_00,360,MIT-Arrhythmia
511353,MIT-Arrhythmia_00,360,MIT-Arrhythmia
511640,MIT-Arrhythmia_00,360,MIT-Arrhythmia
511938,MIT-Arrhythmia_00,360,MIT-Arrhythmia
512247,MIT-Arrhythmia_00,360,MIT-Arrhythmia
512544,MIT-Arrhythmia_00,360,MIT-Arrhythmia
512826,MIT-Arrhythmia_00,360,MIT-Arrhythmia
513116,MIT-Arrhythmia_00,360,MIT-Arrhythmia
513406,MIT-Arrhythmia_00,360,MIT-Arrhythmia
513690,MIT-Arrhythmia_00,360,MIT-Arrhythmia
513988,MIT-Arrhythmia_00,360,MIT-Arrhythmia
514292,MIT-Arrhythmia_00,360,MIT-Arrhythmia
514573,MIT-Arrhythmia_00,360,MIT-Arrhythmia
514880,MIT-Arrhythmia_00,360,MIT-Arrhythmia
515155,MIT-Arrhythmia_00,360,MIT-Arrhythmia
515443,MIT-Arrhythmia_00,360,MIT-Arrhythmia
515725,MIT-Arrhythmia_00,360,MIT-Arrhythmia
516023,MIT-Arrhythmia_00,360,MIT-Arrhythmia
516325,MIT-Arrhythmia_00,360,MIT-Arrhythmia
516633,MIT-Arrhythmia_00,360,MIT-Arrhythmia
516923,MIT-Arrhythmia_00,360,MIT-Arrhythmia
517198,MIT-Arrhythmia_00,360,MIT-Arrhythmia
517471,MIT-Arrhythmia_00,360,MIT-Arrhythmia
517778,MIT-Arrhythmia_00,360,MIT-Arrhythmia
518048,MIT-Arrhythmia_00,360,MIT-Arrhythmia
518349,MIT-Arrhythmia_00,360,MIT-Arrhythmia
518661,MIT-Arrhythmia_00,360,MIT-Arrhythmia
518957,MIT-Arrhythmia_00,360,MIT-Arrhythmia
519239,MIT-Arrhythmia_00,360,MIT-Arrhythmia
519533,MIT-Arrhythmia_00,360,MIT-Arrhythmia
519818,MIT-Arrhythmia_00,360,MIT-Arrhythmia
520093,MIT-Arrhythmia_00,360,MIT-Arrhythmia
520391,MIT-Arrhythmia_00,360,MIT-Arrhythmia
520723,MIT-Arrhythmia_00,360,MIT-Arrhythmia
521007,MIT-Arrhythmia_00,360,MIT-Arrhythmia
521294,MIT-Arrhythmia_00,360,MIT-Arrhythmia
521582,MIT-Arrhythmia_00,360,MIT-Arrhythmia
521871,MIT-Arrhythmia_00,360,MIT-Arrhythmia
522151,MIT-Arrhythmia_00,360,MIT-Arrhythmia
522446,MIT-Arrhythmia_00,360,MIT-Arrhythmia
522750,MIT-Arrhythmia_00,360,MIT-Arrhythmia
523060,MIT-Arrhythmia_00,360,MIT-Arrhythmia
523370,MIT-Arrhythmia_00,360,MIT-Arrhythmia
523631,MIT-Arrhythmia_00,360,MIT-Arrhythmia
523924,MIT-Arrhythmia_00,360,MIT-Arrhythmia
524205,MIT-Arrhythmia_00,360,MIT-Arrhythmia
524493,MIT-Arrhythmia_00,360,MIT-Arrhythmia
524792,MIT-Arrhythmia_00,360,MIT-Arrhythmia
525103,MIT-Arrhythmia_00,360,MIT-Arrhythmia
525396,MIT-Arrhythmia_00,360,MIT-Arrhythmia
525690,MIT-Arrhythmia_00,360,MIT-Arrhythmia
525974,MIT-Arrhythmia_00,360,MIT-Arrhythmia
526258,MIT-Arrhythmia_00,360,MIT-Arrhythmia
526536,MIT-Arrhythmia_00,360,MIT-Arrhythmia
526831,MIT-Arrhythmia_00,360,MIT-Arrhythmia
527141,MIT-Arrhythmia_00,360,MIT-Arrhythmia
527442,MIT-Arrhythmia_00,360,MIT-Arrhythmia
527732,MIT-Arrhythmia_00,360,MIT-Arrhythmia
528017,MIT-Arrhythmia_00,360,MIT-Arrhythmia
528334,MIT-Arrhythmia_00,360,MIT-Arrhythmia
528590,MIT-Arrhythmia_00,360,MIT-Arrhythmia
528880,MIT-Arrhythmia_00,360,MIT-Arrhythmia
529183,MIT-Arrhythmia_00,360,MIT-Arrhythmia
529492,MIT-Arrhythmia_00,360,MIT-Arrhythmia
529783,MIT-Arrhythmia_00,360,MIT-Arrhythmia
530070,MIT-Arrhythmia_00,360,MIT-Arrhythmia
530357,MIT-Arrhythmia_00,360,MIT-Arrhythmia
530653,MIT-Arrhythmia_00,360,MIT-Arrhythmia
530926,MIT-Arrhythmia_00,360,MIT-Arrhythmia
531227,MIT-Arrhythmia_00,360,MIT-Arrhythmia
531534,MIT-Arrhythmia_00,360,MIT-Arrhythmia
531828,MIT-Arrhythmia_00,360,MIT-Arrhythmia
532119,MIT-Arrhythmia_00,360,MIT-Arrhythmia
532409,MIT-Arrhythmia_00,360,MIT-Arrhythmia
532681,MIT-Arrhythmia_00,360,MIT-Arrhythmia
532969,MIT-Arrhythmia_00,360,MIT-Arrhythmia
533264,MIT-Arrhythmia_00,360,MIT-Arrhythmia
533578,MIT-Arrhythmia_00,360,MIT-Arrhythmia
533876,MIT-Arrhythmia_00,360,MIT-Arrhythmia
534162,MIT-Arrhythmia_00,360,MIT-Arrhythmia
534458,MIT-Arrhythmia_00,360,MIT-Arrhythmia
534741,MIT-Arrhythmia_00,360,MIT-Arrhythmia
535017,MIT-Arrhythmia_00,360,MIT-Arrhythmia
535288,MIT-Arrhythmia_00,360,MIT-Arrhythmia
535624,MIT-Arrhythmia_00,360,MIT-Arrhythmia
535912,MIT-Arrhythmia_00,360,MIT-Arrhythmia
536204,MIT-Arrhythmia_00,360,MIT-Arrhythmia
536503,MIT-Arrhythmia_00,360,MIT-Arrhythmia
536788,MIT-Arrhythmia_00,360,MIT-Arrhythmia
537065,MIT-Arrhythmia_00,360,MIT-Arrhythmia
537350,MIT-Arrhythmia_00,360,MIT-Arrhythmia
537649,MIT-Arrhythmia_00,360,MIT-Arrhythmia
537927,MIT-Arrhythmia_00,360,MIT-Arrhythmia
538240,MIT-Arrhythmia_00,360,MIT-Arrhythmia
538521,MIT-Arrhythmia_00,360,MIT-Arrhythmia
538815,MIT-Arrhythmia_00,360,MIT-Arrhythmia
539093,MIT-Arrhythmia_00,360,MIT-Arrhythmia
539378,MIT-Arrhythmia_00,360,MIT-Arrhythmia
539673,MIT-Arrhythmia_00,360,MIT-Arrhythmia
539981,MIT-Arrhythmia_00,360,MIT-Arrhythmia
540278,MIT-Arrhythmia_00,360,MIT-Arrhythmia
540554,MIT-Arrhythmia_00,360,MIT-Arrhythmia
540851,MIT-Arrhythmia_00,360,MIT-Arrhythmia
541153,MIT-Arrhythmia_00,360,MIT-Arrhythmia
541417,MIT-Arrhythmia_00,360,MIT-Arrhythmia
541704,MIT-Arrhythmia_00,360,MIT-Arrhythmia
542011,MIT-Arrhythmia_00,360,MIT-Arrhythmia
542315,MIT-Arrhythmia_00,360,MIT-Arrhythmia
542607,MIT-Arrhythmia_00,360,MIT-Arrhythmia
542911,MIT-Arrhythmia_00,360,MIT-Arrhythmia
543195,MIT-Arrhythmia_00,360,MIT-Arrhythmia
543458,MIT-Arrhythmia_00,360,MIT-Arrhythmia
543763,MIT-Arrhythmia_00,360,MIT-Arrhythmia
544053,MIT-Arrhythmia_00,360,MIT-Arrhythmia
544360,MIT-Arrhythmia_00,360,MIT-Arrhythmia
544656,MIT-Arrhythmia_00,360,MIT-Arrhythmia
544957,MIT-Arrhythmia_00,360,MIT-Arrhythmia
545246,MIT-Arrhythmia_00,360,MIT-Arrhythmia
545521,MIT-Arrhythmia_00,360,MIT-Arrhythmia
545806,MIT-Arrhythmia_00,360,MIT-Arrhythmia
546095,MIT-Arrhythmia_00,360,MIT-Arrhythmia
546422,MIT-Arrhythmia_00,360,MIT-Arrhythmia
546700,MIT-Arrhythmia_00,360,MIT-Arrhythmia
546998,MIT-Arrhythmia_00,360,MIT-Arrhythmia
547294,MIT-Arrhythmia_00,360,MIT-Arrhythmia
547571,MIT-Arrhythmia_00,360,MIT-Arrhythmia
547854,MIT-Arrhythmia_00,360,MIT-Arrhythmia
548145,MIT-Arrhythmia_00,360,MIT-Arrhythmia
548463,MIT-Arrhythmia_00,360,MIT-Arrhythmia
548769,MIT-Arrhythmia_00,360,MIT-Arrhythmia
549044,MIT-Arrhythmia_00,360,MIT-Arrhythmia
549348,MIT-Arrhythmia_00,360,MIT-Arrhythmia
549631,MIT-Arrhythmia_00,360,MIT-Arrhythmia
549906,MIT-Arrhythmia_00,360,MIT-Arrhythmia
550188,MIT-Arrhythmia_00,360,MIT-Arrhythmia
550491,MIT-Arrhythmia_00,360,MIT-Arrhythmia
550808,MIT-Arrhythmia_00,360,MIT-Arrhythmia
551087,MIT-Arrhythmia_00,360,MIT-Arrhythmia
551397,MIT-Arrhythmia_00,360,MIT-Arrhythmia
551688,MIT-Arrhythmia_00,360,MIT-Arrhythmia
551961,MIT-Arrhythmia_00,360,MIT-Arrhythmia
552243,MIT-Arrhythmia_00,360,MIT-Arrhythmia
552538,MIT-Arrhythmia_00,360,MIT-Arrhythmia
552842,MIT-Arrhythmia_00,360,MIT-Arrhythmia
553157,MIT-Arrhythmia_00,360,MIT-Arrhythmia
553442,MIT-Arrhythmia_00,360,MIT-Arrhythmia
553736,MIT-Arrhythmia_00,360,MIT-Arrhythmia
554014,MIT-Arrhythmia_00,360,MIT-Arrhythmia
554298,MIT-Arrhythmia_00,360,MIT-Arrhythmia
554583,MIT-Arrhythmia_00,360,MIT-Arrhythmia
554887,MIT-Arrhythmia_00,360,MIT-Arrhythmia
555183,MIT-Arrhythmia_00,360,MIT-Arrhythmia
555504,MIT-Arrhythmia_00,360,MIT-Arrhythmia
555787,MIT-Arrhythmia_00,360,MIT-Arrhythmia
556067,MIT-Arrhythmia_00,360,MIT-Arrhythmia
556347,MIT-Arrhythmia_00,360,MIT-Arrhythmia
556631,MIT-Arrhythmia_00,360,MIT-Arrhythmia
556932,MIT-Arrhythmia_00,360,MIT-Arrhythmia
557231,MIT-Arrhythmia_00,360,MIT-Arrhythmia
557513,MIT-Arrhythmia_00,360,MIT-Arrhythmia
557840,MIT-Arrhythmia_00,360,MIT-Arrhythmia
558122,MIT-Arrhythmia_00,360,MIT-Arrhythmia
558397,MIT-Arrhythmia_00,360,MIT-Arrhythmia
558675,MIT-Arrhythmia_00,360,MIT-Arrhythmia
558971,MIT-Arrhythmia_00,360,MIT-Arrhythmia
559275,MIT-Arrhythmia_00,360,MIT-Arrhythmia
559570,MIT-Arrhythmia_00,360,MIT-Arrhythmia
559879,MIT-Arrhythmia_00,360,MIT-Arrhythmia
560153,MIT-Arrhythmia_00,360,MIT-Arrhythmia
560449,MIT-Arrhythmia_00,360,MIT-Arrhythmia
560720,MIT-Arrhythmia_00,360,MIT-Arrhythmia
561008,MIT-Arrhythmia_00,360,MIT-Arrhythmia
561304,MIT-Arrhythmia_00,360,MIT-Arrhythmia
561602,MIT-Arrhythmia_00,360,MIT-Arrhythmia
561907,MIT-Arrhythmia_00,360,MIT-Arrhythmia
562205,MIT-Arrhythmia_00,360,MIT-Arrhythmia
562486,MIT-Arrhythmia_00,360,MIT-Arrhythmia
562771,MIT-Arrhythmia_00,360,MIT-Arrhythmia
563029,MIT-Arrhythmia_00,360,MIT-Arrhythmia
563341,MIT-Arrhythmia_00,360,MIT-Arrhythmia
563632,MIT-Arrhythmia_00,360,MIT-Arrhythmia
563930,MIT-Arrhythmia_00,360,MIT-Arrhythmia
564239,MIT-Arrhythmia_00,360,MIT-Arrhythmia
564527,MIT-Arrhythmia_00,360,MIT-Arrhythmia
564806,MIT-Arrhythmia_00,360,MIT-Arrhythmia
565088,MIT-Arrhythmia_00,360,MIT-Arrhythmia
565384,MIT-Arrhythmia_00,360,MIT-Arrhythmia
565678,MIT-Arrhythmia_00,360,MIT-Arrhythmia
565951,MIT-Arrhythmia_00,360,MIT-Arrhythmia
566289,MIT-Arrhythmia_00,360,MIT-Arrhythmia
566573,MIT-Arrhythmia_00,360,MIT-Arrhythmia
566848,MIT-Arrhythmia_00,360,MIT-Arrhythmia
567127,MIT-Arrhythmia_00,360,MIT-Arrhythmia
567419,MIT-Arrhythmia_00,360,MIT-Arrhythmia
567713,MIT-Arrhythmia_00,360,MIT-Arrhythmia
568006,MIT-Arrhythmia_00,360,MIT-Arrhythmia
568318,MIT-Arrhythmia_00,360,MIT-Arrhythmia
568620,MIT-Arrhythmia_00,360,MIT-Arrhythmia
568905,MIT-Arrhythmia_00,360,MIT-Arrhythmia
569181,MIT-Arrhythmia_00,360,MIT-Arrhythmia
569466,MIT-Arrhythmia_00,360,MIT-Arrhythmia
569756,MIT-Arrhythmia_00,360,MIT-Arrhythmia
570049,MIT-Arrhythmia_00,360,MIT-Arrhythmia
570355,MIT-Arrhythmia_00,360,MIT-Arrhythmia
570658,MIT-Arrhythmia_00,360,MIT-Arrhythmia
570946,MIT-Arrhythmia_00,360,MIT-Arrhythmia
571226,MIT-Arrhythmia_00,360,MIT-Arrhythmia
571517,MIT-Arrhythmia_00,360,MIT-Arrhythmia
571806,MIT-Arrhythmia_00,360,MIT-Arrhythmia
572100,MIT-Arrhythmia_00,360,MIT-Arrhythmia
572397,MIT-Arrhythmia_00,360,MIT-Arrhythmia
572710,MIT-Arrhythmia_00,360,MIT-Arrhythmia
573002,MIT-Arrhythmia_00,360,MIT-Arrhythmia
573282,MIT-Arrhythmia_00,360,MIT-Arrhythmia
573564,MIT-Arrhythmia_00,360,MIT-Arrhythmia
573856,MIT-Arrhythmia_00,360,MIT-Arrhythmia
574171,MIT-Arrhythmia_00,360,MIT-Arrhythmia
574441,MIT-Arrhythmia_00,360,MIT-Arrhythmia
574757,MIT-Arrhythmia_00,360,MIT-Arrhythmia
575054,MIT-Arrhythmia_00,360,MIT-Arrhythmia
575334,MIT-Arrhythmia_00,360,MIT-Arrhythmia
575616,MIT-Arrhythmia_00,360,MIT-Arrhythmia
575903,MIT-Arrhythmia_00,360,MIT-Arrhythmia
576191,MIT-Arrhythmia_00,360,MIT-Arrhythmia
576499,MIT-Arrhythmia_00,360,MIT-Arrhythmia
576793,MIT-Arrhythmia_00,360,MIT-Arrhythmia
577099,MIT-Arrhythmia_00,360,MIT-Arrhythmia
577385,MIT-Arrhythmia_00,360,MIT-Arrhythmia
577670,MIT-Arrhythmia_00,360,MIT-Arrhythmia
577954,MIT-Arrhythmia_00,360,MIT-Arrhythmia
578242,MIT-Arrhythmia_00,360,MIT-Arrhythmia
578521,MIT-Arrhythmia_00,360,MIT-Arrhythmia
578827,MIT-Arrhythmia_00,360,MIT-Arrhythmia
579142,MIT-Arrhythmia_00,360,MIT-Arrhythmia
579437,MIT-Arrhythmia_00,360,MIT-Arrhythmia
579727,MIT-Arrhythmia_00,360,MIT-Arrhythmia
580009,MIT-Arrhythmia_00,360,MIT-Arrhythmia
580302,MIT-Arrhythmia_00,360,MIT-Arrhythmia
580588,MIT-Arrhythmia_00,360,MIT-Arrhythmia
580879,MIT-Arrhythmia_00,360,MIT-Arrhythmia
581181,MIT-Arrhythmia_00,360,MIT-Arrhythmia
581490,MIT-Arrhythmia_00,360,MIT-Arrhythmia
581793,MIT-Arrhythmia_00,360,MIT-Arrhythmia
582056,MIT-Arrhythmia_00,360,MIT-Arrhythmia
582350,MIT-Arrhythmia_00,360,MIT-Arrhythmia
582634,MIT-Arrhythmia_00,360,MIT-Arrhythmia
582923,MIT-Arrhythmia_00,360,MIT-Arrhythmia
583241,MIT-Arrhythmia_00,360,MIT-Arrhythmia
583543,MIT-Arrhythmia_00,360,MIT-Arrhythmia
583830,MIT-Arrhythmia_00,360,MIT-Arrhythmia
584087,MIT-Arrhythmia_00,360,MIT-Arrhythmia
584381,MIT-Arrhythmia_00,360,MIT-Arrhythmia
584666,MIT-Arrhythmia_00,360,MIT-Arrhythmia
584953,MIT-Arrhythmia_00,360,MIT-Arrhythmia
585259,MIT-Arrhythmia_00,360,MIT-Arrhythmia
585566,MIT-Arrhythmia_00,360,MIT-Arrhythmia
585859,MIT-Arrhythmia_00,360,MIT-Arrhythmia
586149,MIT-Arrhythmia_00,360,MIT-Arrhythmia
586433,MIT-Arrhythmia_00,360,MIT-Arrhythmia
586721,MIT-Arrhythmia_00,360,MIT-Arrhythmia
586986,MIT-Arrhythmia_00,360,MIT-Arrhythmia
587287,MIT-Arrhythmia_00,360,MIT-Arrhythmia
587624,MIT-Arrhythmia_00,360,MIT-Arrhythmia
587899,MIT-Arrhythmia_00,360,MIT-Arrhythmia
588192,MIT-Arrhythmia_00,360,MIT-Arrhythmia
588476,MIT-Arrhythmia_00,360,MIT-Arrhythmia
588768,MIT-Arrhythmia_00,360,MIT-Arrhythmia
589051,MIT-Arrhythmia_00,360,MIT-Arrhythmia
589336,MIT-Arrhythmia_00,360,MIT-Arrhythmia
589651,MIT-Arrhythmia_00,360,MIT-Arrhythmia
589936,MIT-Arrhythmia_00,360,MIT-Arrhythmia
590218,MIT-Arrhythmia_00,360,MIT-Arrhythmia
590538,MIT-Arrhythmia_00,360,MIT-Arrhythmia
590805,MIT-Arrhythmia_00,360,MIT-Arrhythmia
591089,MIT-Arrhythmia_00,360,MIT-Arrhythmia
591371,MIT-Arrhythmia_00,360,MIT-Arrhythmia
591684,MIT-Arrhythmia_00,360,MIT-Arrhythmia
591986,MIT-Arrhythmia_00,360,MIT-Arrhythmia
592276,MIT-Arrhythmia_00,360,MIT-Arrhythmia
592566,MIT-Arrhythmia_00,360,MIT-Arrhythmia
592849,MIT-Arrhythmia_00,360,MIT-Arrhythmia
593153,MIT-Arrhythmia_00,360,MIT-Arrhythmia
593416,MIT-Arrhythmia_00,360,MIT-Arrhythmia
593718,MIT-Arrhythmia_00,360,MIT-Arrhythmia
594026,MIT-Arrhythmia_00,360,MIT-Arrhythmia
594323,MIT-Arrhythmia_00,360,MIT-Arrhythmia
594619,MIT-Arrhythmia_00,360,MIT-Arrhythmia
594903,MIT-Arrhythmia_00,360,MIT-Arrhythmia
595192,MIT-Arrhythmia_00,360,MIT-Arrhythmia
595474,MIT-Arrhythmia_00,360,MIT-Arrhythmia
595784,MIT-Arrhythmia_00,360,MIT-Arrhythmia
596071,MIT-Arrhythmia_00,360,MIT-Arrhythmia
596368,MIT-Arrhythmia_00,360,MIT-Arrhythmia
596666,MIT-Arrhythmia_00,360,MIT-Arrhythmia
596953,MIT-Arrhythmia_00,360,MIT-Arrhythmia
597244,MIT-Arrhythmia_00,360,MIT-Arrhythmia
597523,MIT-Arrhythmia_00,360,MIT-Arrhythmia
597801,MIT-Arrhythmia_00,360,MIT-Arrhythmia
598121,MIT-Arrhythmia_00,360,MIT-Arrhythmia
598415,MIT-Arrhythmia_00,360,MIT-Arrhythmia
598707,MIT-Arrhythmia_00,360,MIT-Arrhythmia
599000,MIT-Arrhythmia_00,360,MIT-Arrhythmia
599294,MIT-Arrhythmia_00,360,MIT-Arrhythmia
599574,MIT-Arrhythmia_00,360,MIT-Arrhythmia
599853,MIT-Arrhythmia_00,360,MIT-Arrhythmia
600160,MIT-Arrhythmia_00,360,MIT-Arrhythmia
600460,MIT-Arrhythmia_00,360,MIT-Arrhythmia
600779,MIT-Arrhythmia_00,360,MIT-Arrhythmia
601047,MIT-Arrhythmia_00,360,MIT-Arrhythmia
601337,MIT-Arrhythmia_00,360,MIT-Arrhythmia
601623,MIT-Arrhythmia_00,360,MIT-Arrhythmia
601903,MIT-Arrhythmia_00,360,MIT-Arrhythmia
602198,MIT-Arrhythmia_00,360,MIT-Arrhythmia
602503,MIT-Arrhythmia_00,360,MIT-Arrhythmia
602797,MIT-Arrhythmia_00,360,MIT-Arrhythmia
603096,MIT-Arrhythmia_00,360,MIT-Arrhythmia
603411,MIT-Arrhythmia_00,360,MIT-Arrhythmia
603681,MIT-Arrhythmia_00,360,MIT-Arrhythmia
603959,MIT-Arrhythmia_00,360,MIT-Arrhythmia
604246,MIT-Arrhythmia_00,360,MIT-Arrhythmia
604549,MIT-Arrhythmia_00,360,MIT-Arrhythmia
604844,MIT-Arrhythmia_00,360,MIT-Arrhythmia
605145,MIT-Arrhythmia_00,360,MIT-Arrhythmia
605439,MIT-Arrhythmia_00,360,MIT-Arrhythmia
605714,MIT-Arrhythmia_00,360,MIT-Arrhythmia
606008,MIT-Arrhythmia_00,360,MIT-Arrhythmia
606283,MIT-Arrhythmia_00,360,MIT-Arrhythmia
606588,MIT-Arrhythmia_00,360,MIT-Arrhythmia
606886,MIT-Arrhythmia_00,360,MIT-Arrhythmia
607182,MIT-Arrhythmia_00,360,MIT-Arrhythmia
607480,MIT-Arrhythmia_00,360,MIT-Arrhythmia
607778,MIT-Arrhythmia_00,360,MIT-Arrhythmia
608059,MIT-Arrhythmia_00,360,MIT-Arrhythmia
608336,MIT-Arrhythmia_00,360,MIT-Arrhythmia
608632,MIT-Arrhythmia_00,360,MIT-Arrhythmia
608936,MIT-Arrhythmia_00,360,MIT-Arrhythmia
609254,MIT-Arrhythmia_00,360,MIT-Arrhythmia
609527,MIT-Arrhythmia_00,360,MIT-Arrhythmia
609824,MIT-Arrhythmia_00,360,MIT-Arrhythmia
610112,MIT-Arrhythmia_00,360,MIT-Arrhythmia
610389,MIT-Arrhythmia_00,360,MIT-Arrhythmia
610679,MIT-Arrhythmia_00,360,MIT-Arrhythmia
610981,MIT-Arrhythmia_00,360,MIT-Arrhythmia
611278,MIT-Arrhythmia_00,360,MIT-Arrhythmia
611580,MIT-Arrhythmia_00,360,MIT-Arrhythmia
611869,MIT-Arrhythmia_00,360,MIT-Arrhythmia
612169,MIT-Arrhythmia_00,360,MIT-Arrhythmia
612467,MIT-Arrhythmia_00,360,MIT-Arrhythmia
612729,MIT-Arrhythmia_00,360,MIT-Arrhythmia
613028,MIT-Arrhythmia_00,360,MIT-Arrhythmia
613321,MIT-Arrhythmia_00,360,MIT-Arrhythmia
613622,MIT-Arrhythmia_00,360,MIT-Arrhythmia
613922,MIT-Arrhythmia_00,360,MIT-Arrhythmia
614219,MIT-Arrhythmia_00,360,MIT-Arrhythmia
614499,MIT-Arrhythmia_00,360,MIT-Arrhythmia
614768,MIT-Arrhythmia_00,360,MIT-Arrhythmia
615074,MIT-Arrhythmia_00,360,MIT-Arrhythmia
615370,MIT-Arrhythmia_00,360,MIT-Arrhythmia
615666,MIT-Arrhythmia_00,360,MIT-Arrhythmia
615965,MIT-Arrhythmia_00,360,MIT-Arrhythmia
616267,MIT-Arrhythmia_00,360,MIT-Arrhythmia
616552,MIT-Arrhythmia_00,360,MIT-Arrhythmia
616828,MIT-Arrhythmia_00,360,MIT-Arrhythmia
617125,MIT-Arrhythmia_00,360,MIT-Arrhythmia
617418,MIT-Arrhythmia_00,360,MIT-Arrhythmia
617713,MIT-Arrhythmia_00,360,MIT-Arrhythmia
618028,MIT-Arrhythmia_00,360,MIT-Arrhythmia
618311,MIT-Arrhythmia_00,360,MIT-Arrhythmia
618604,MIT-Arrhythmia_00,360,MIT-Arrhythmia
618882,MIT-Arrhythmia_00,360,MIT-Arrhythmia
619170,MIT-Arrhythmia_00,360,MIT-Arrhythmia
619465,MIT-Arrhythmia_00,360,MIT-Arrhythmia
619758,MIT-Arrhythmia_00,360,MIT-Arrhythmia
620057,MIT-Arrhythmia_00,360,MIT-Arrhythmia
620348,MIT-Arrhythmia_00,360,MIT-Arrhythmia
620673,MIT-Arrhythmia_00,360,MIT-Arrhythmia
620933,MIT-Arrhythmia_00,360,MIT-Arrhythmia
621216,MIT-Arrhythmia_00,360,MIT-Arrhythmia
621507,MIT-Arrhythmia_00,360,MIT-Arrhythmia
621794,MIT-Arrhythmia_00,360,MIT-Arrhythmia
622100,MIT-Arrhythmia_00,360,MIT-Arrhythmia
622402,MIT-Arrhythmia_00,360,MIT-Arrhythmia
622700,MIT-Arrhythmia_00,360,MIT-Arrhythmia
622979,MIT-Arrhythmia_00,360,MIT-Arrhythmia
623262,MIT-Arrhythmia_00,360,MIT-Arrhythmia
623558,MIT-Arrhythmia_00,360,MIT-Arrhythmia
623847,MIT-Arrhythmia_00,360,MIT-Arrhythmia
624142,MIT-Arrhythmia_00,360,MIT-Arrhythmia
624444,MIT-Arrhythmia_00,360,MIT-Arrhythmia
624753,MIT-Arrhythmia_00,360,MIT-Arrhythmia
625040,MIT-Arrhythmia_00,360,MIT-Arrhythmia
625303,MIT-Arrhythmia_00,360,MIT-Arrhythmia
625600,MIT-Arrhythmia_00,360,MIT-Arrhythmia
625923,MIT-Arrhythmia_00,360,MIT-Arrhythmia
626186,MIT-Arrhythmia_00,360,MIT-Arrhythmia
626486,MIT-Arrhythmia_00,360,MIT-Arrhythmia
626794,MIT-Arrhythmia_00,360,MIT-Arrhythmia
627088,MIT-Arrhythmia_00,360,MIT-Arrhythmia
627365,MIT-Arrhythmia_00,360,MIT-Arrhythmia
627657,MIT-Arrhythmia_00,360,MIT-Arrhythmia
627947,MIT-Arrhythmia_00,360,MIT-Arrhythmia
628226,MIT-Arrhythmia_00,360,MIT-Arrhythmia
628533,MIT-Arrhythmia_00,360,MIT-Arrhythmia
628862,MIT-Arrhythmia_00,360,MIT-Arrhythmia
629134,MIT-Arrhythmia_00,360,MIT-Arrhythmia
629414,MIT-Arrhythmia_00,360,MIT-Arrhythmia
629701,MIT-Arrhythmia_00,360,MIT-Arrhythmia
629989,MIT-Arrhythmia_00,360,MIT-Arrhythmia
630273,MIT-Arrhythmia_00,360,MIT-Arrhythmia
630576,MIT-Arrhythmia_00,360,MIT-Arrhythmia
630877,MIT-Arrhythmia_00,360,MIT-Arrhythmia
631173,MIT-Arrhythmia_00,360,MIT-Arrhythmia
631459,MIT-Arrhythmia_00,360,MIT-Arrhythmia
631758,MIT-Arrhythmia_00,360,MIT-Arrhythmia
632039,MIT-Arrhythmia_00,360,MIT-Arrhythmia
632323,MIT-Arrhythmia_00,360,MIT-Arrhythmia
632614,MIT-Arrhythmia_00,360,MIT-Arrhythmia
632916,MIT-Arrhythmia_00,360,MIT-Arrhythmia
633227,MIT-Arrhythmia_00,360,MIT-Arrhythmia
633520,MIT-Arrhythmia_00,360,MIT-Arrhythmia
633799,MIT-Arrhythmia_00,360,MIT-Arrhythmia
634095,MIT-Arrhythmia_00,360,MIT-Arrhythmia
634366,MIT-Arrhythmia_00,360,MIT-Arrhythmia
634649,MIT-Arrhythmia_00,360,MIT-Arrhythmia
634973,MIT-Arrhythmia_00,360,MIT-Arrhythmia
635265,MIT-Arrhythmia_00,360,MIT-Arrhythmia
635566,MIT-Arrhythmia_00,360,MIT-Arrhythmia
635850,MIT-Arrhythmia_00,360,MIT-Arrhythmia
636141,MIT-Arrhythmia_00,360,MIT-Arrhythmia
636426,MIT-Arrhythmia_00,360,MIT-Arrhythmia
636707,MIT-Arrhythmia_00,360,MIT-Arrhythmia
637003,MIT-Arrhythmia_00,360,MIT-Arrhythmia
637303,MIT-Arrhythmia_00,360,MIT-Arrhythmia
637612,MIT-Arrhythmia_00,360,MIT-Arrhythmia
637925,MIT-Arrhythmia_00,360,MIT-Arrhythmia
638188,MIT-Arrhythmia_00,360,MIT-Arrhythmia
638476,MIT-Arrhythmia_00,360,MIT-Arrhythmia
638757,MIT-Arrhythmia_00,360,MIT-Arrhythmia
639054,MIT-Arrhythmia_00,360,MIT-Arrhythmia
639357,MIT-Arrhythmia_00,360,MIT-Arrhythmia
639665,MIT-Arrhythmia_00,360,MIT-Arrhythmia
639957,MIT-Arrhythmia_00,360,MIT-Arrhythmia
640243,MIT-Arrhythmia_00,360,MIT-Arrhythmia
640555,MIT-Arrhythmia_00,360,MIT-Arrhythmia
640813,MIT-Arrhythmia_00,360,MIT-Arrhythmia
641097,MIT-Arrhythmia_00,360,MIT-Arrhythmia
641396,MIT-Arrhythmia_00,360,MIT-Arrhythmia
641710,MIT-Arrhythmia_00,360,MIT-Arrhythmia
642005,MIT-Arrhythmia_00,360,MIT-Arrhythmia
642290,MIT-Arrhythmia_00,360,MIT-Arrhythmia
642586,MIT-Arrhythmia_00,360,MIT-Arrhythmia
642866,MIT-Arrhythmia_00,360,MIT-Arrhythmia
643147,MIT-Arrhythmia_00,360,MIT-Arrhythmia
643443,MIT-Arrhythmia_00,360,MIT-Arrhythmia
643751,MIT-Arrhythmia_00,360,MIT-Arrhythmia
644052,MIT-Arrhythmia_00,360,MIT-Arrhythmia
644340,MIT-Arrhythmia_00,360,MIT-Arrhythmia
644634,MIT-Arrhythmia_00,360,MIT-Arrhythmia
644919,MIT-Arrhythmia_00,360,MIT-Arrhythmia
645197,MIT-Arrhythmia_00,360,MIT-Arrhythmia
645495,MIT-Arrhythmia_00,360,MIT-Arrhythmia
645788,MIT-Arrhythmia_00,360,MIT-Arrhythmia
646097,MIT-Arrhythmia_00,360,MIT-Arrhythmia
646391,MIT-Arrhythmia_00,360,MIT-Arrhythmia
646682,MIT-Arrhythmia_00,360,MIT-Arrhythmia
646970,MIT-Arrhythmia_00,360,MIT-Arrhythmia
647247,MIT-Arrhythmia_00,360,MIT-Arrhythmia
647539,MIT-Arrhythmia_00,360,MIT-Arrhythmia
647836,MIT-Arrhythmia_00,360,MIT-Arrhythmia
648169,MIT-Arrhythmia_00,360,MIT-Arrhythmia
648442,MIT-Arrhythmia_00,360,MIT-Arrhythmia
648730,MIT-Arrhythmia_00,360,MIT-Arrhythmia
649022,MIT-Arrhythmia_00,360,MIT-Arrhythmia
649300,MIT-Arrhythmia_00,360,MIT-Arrhythmia
649580,MIT-Arrhythmia_00,360,MIT-Arrhythmia
649876,MIT-Arrhythmia_00,360,MIT-Arrhythmia
